Instance,number of variables,DivSampCA,SamplingCA,,,ICPL,,YASA,
,,avg. size,avg. time(s),avg. size,avg. time(s),avg. size,avg. time(s),avg. size,avg. time(s)
aaed2000,1284,88.6,10.35,142,10.36,94.6,57.83,91.7,11.6
adder,1272,67.9,7.52,108.5,7.97,72.2,66.41,67.8,9.57
adderII,1276,68.2,6.62,107.9,7.9,71.7,57.33,68.3,9.75
aeb,1213,64,7.34,104.2,6.99,68.8,45.48,64.5,8.69
aim711,1264,67.2,7.16,109.5,7.93,72.2,51.96,68.3,9.48
aki3068net,1207,67,7.13,107.8,7.16,71.3,45.18,67.8,8.95
am31_sim,1165,62.9,7.23,100,6.23,67.7,42.7,62.3,8.34
asb,1231,63.3,7.55,103.4,7.1,66.6,50.91,64.3,9.06
asb2305,1242,63.6,7.25,102.5,7.17,66.7,70.26,63.5,9.1
assabet,1266,63.7,7.8,104.2,7.57,69.3,88,63.5,9.09
at91sam7sek,1296,64.5,7.11,104.7,8,68.4,53.48,64,9.43
at91sam7xek,1319,67.3,7.52,109.7,8.71,71.6,95.03,68.5,10.06
atlas_mips32_4kc,1216,68.2,6.11,107.8,7.39,71.1,86,68,9.06
atlas_mips64_5kc,1209,68.8,6.89,108.4,7.35,71.7,54.37,68.1,9.01
brutus,1221,63,5.99,102.2,7.06,65.8,48.12,63.9,8.71
buildroot,565,23,0.25,30.4,0.56,55,8.06,18.9,2.25
busybox_1_28_0,998,38.3,5.08,57.6,2.92,51.2,40.81,37.4,6.69
calm16_ceb,1173,61.9,7.18,101.2,6.59,67.3,44.51,63.5,8.27
calm32_ceb,1173,62.6,6.86,102.1,6.57,66.8,44.17,63.8,8.31
ceb_v850,1189,63.4,4.55,100.9,6.69,67.3,45.17,63,8.39
cerf,1276,67.1,9.35,111.8,8.36,73,53.78,69.3,9.78
cerfpda,1291,69.9,5.88,113.6,8.51,74,56.64,68.6,9.88
cma230,1212,62.9,6.47,101.3,6.81,65.9,45.65,62.7,8.61
cma28x,1204,62.1,6.04,100.4,6.7,66.1,44.08,63.4,8.6
cme555,1266,62.5,6.12,101.1,7.39,67,53.31,63.5,9.47
cq7708,1238,78.6,7.02,121.8,8.53,84,51.38,79.1,9.72
cq7750,1267,64.7,8.96,106.7,7.78,70,51.44,66.6,9.43
csb281,1233,71.1,8.02,111.6,7.86,76.6,51.91,71.9,9.98
dreamcast,1252,72.2,6.52,113.9,8.2,75.3,52.07,72.4,9.55
e7t,1266,68.4,8.39,109.3,8.06,73.5,52.5,69.9,9.81
ea2468,1395,68.2,7.41,109.5,9.55,72.5,62.76,68.2,10.24
eb40,1240,63.7,6.83,101.5,7.26,67.8,48.86,65.1,9.02
eb40a,1241,62.3,7.56,102.3,7.29,66.5,52.2,63.3,8.89
eb42,1234,62.6,6.55,103,7.28,65.7,51.46,63.4,8.85
eb55,1270,63.7,7.18,104.7,7.74,66.8,54.12,63.9,9.22
ebsa285,1245,71.4,7.9,114.8,8.22,75.7,55.21,72.7,9.78
ec555,1267,64.1,7.12,102,7.58,67.2,51.81,63.9,9.44
ecos-icse11,1244,67.7,7.09,108.6,7.63,70.5,49.9,68.4,9.5
edb7xxx,1246,67.5,6.68,108.3,7.73,71.9,51.77,68.2,9.27
edosk2674,1194,66,7.12,107.1,7.07,70.5,45.12,67.4,8.89
excalibur_arm9,1233,80.7,9.45,125.7,8.77,82.5,81.77,80.5,10.08
fads,1187,62.6,6.91,99.1,6.52,66,72.23,63.6,8.51
flexanet,1265,68,9.08,110.7,8.25,73.1,52.86,68.5,9.56
freebsd-icse11,1396,80.1,19.74,120.8,10.63,80.4,78.43,78.2,42.59
frv400,1238,67.7,8.31,107.5,7.68,70.4,49.94,68.7,9.33
gps4020,1213,62.7,6.17,103.2,7.05,66.3,44.21,62.7,8.65
grg,1241,68,6.28,107.2,7.73,70.6,48.68,67.1,9.14
h8300h_sim,1182,61.9,5.81,98.7,6.45,64.9,40.83,62.6,8.45
h8max,1202,67.6,6.32,107.9,7.3,71.6,44.76,67.8,9.03
h8s_sim,1183,62.7,4.79,99.8,6.57,66.2,40.91,62.6,8.33
hs7729pci,1298,86.8,9.36,140.7,10.76,75.9,50.18,73.4,9.42
innovator,1256,86.9,8.88,142.5,10.21,90.6,52.71,89.2,10.9
integrator_arm7,1259,67.3,9.19,107.7,7.89,71.4,50.9,68.3,9.6
integrator_arm9,1267,81.4,9.46,122.4,9,86.3,51.99,84,10.32
ipaq,1258,62.9,8.46,104,7.58,67.5,48.11,64.3,9.14
iq80310,1258,66.7,9.26,106.8,7.84,71.2,50.12,67.6,9.46
iq80321,1256,67.1,6.29,106.3,7.72,72.4,51.07,67.5,9.45
ixdp425,1247,67.7,7.25,105.1,7.61,70,48.83,67.9,9.39
jmr3904,1199,63.9,5.68,101.5,6.77,66.4,42.48,64.5,8.61
jtst,1241,63.9,7.07,102.8,7.37,68.2,46.37,63.2,8.97
linux,1232,72.2,8.37,115.7,8.16,76,47.99,73.9,9.61
lpcmt,1249,63.5,7.48,103.1,7.55,67.6,47.7,62.9,9.06
m5272c3,1323,68.1,7.45,112.4,9.61,67.1,46.34,62.4,8.53
mac7100evb,1234,62.7,6.11,100.7,8.38,64.9,44.57,63.3,8.86
mace1,1234,63.5,6.4,100.6,8.57,67.6,45.91,63.2,8.97
malta_mips32_4kc,1232,67.8,8.7,110.9,9.06,72.2,48.46,69.5,9.47
malta_mips64_5kc,1232,68.6,7.83,110.1,9,73.1,48.91,68.5,9.39
mb93091,1250,67,8.65,107.8,9.19,71.4,47.82,67.3,9.42
mb93093,1230,68.1,7.68,105.3,8.75,71.7,46.41,67.7,9.24
mbx,1295,67,8.03,109.2,9.89,71.7,52.35,68.6,10.07
mcb2100,1249,63.7,6.49,103.4,8.84,67.1,47.09,63.5,8.99
moab,1277,69.3,8.48,113.7,10.28,73.5,50.74,71.4,10
mpc50,1213,62.3,7.32,100.8,8.24,66.9,44.28,63.3,8.6
nano,1265,70.8,10.41,117,10.25,77.6,49.59,73,10.1
npwr,1258,65,9.59,108.3,9.32,70.6,48.7,66.8,9.46
ocelot,1266,67,8.13,107.5,8.11,72,52.27,69,9.68
olpce2294,1274,67.9,8.14,108.9,8.15,73.2,49.45,69,9.79
olpch2294,1261,63.5,8.03,101.6,7.51,67.9,48.08,63.9,9.21
olpcl2294,1273,67.7,9.48,111.3,8.3,71.1,48.44,69.4,9.64
p2106,1249,63.5,7.74,102.2,7.37,67.1,46.6,63.3,9.1
pati,1248,64.1,7.56,102.4,7.48,66.9,45.9,63.3,9.24
pc_i82544,1259,69.6,7.99,112.2,8.2,71.9,50.54,69.5,9.7
pc_i82559,1259,68.4,9.01,113.4,8.2,73.8,52.15,69,9.69
pc_rltk8139,1257,71.4,11.44,116.5,8.48,77.4,48.99,73.2,10.05
pc_usb_d12,1281,63.1,10.09,107.5,8.12,69,48.5,64.9,9.39
pc_vmWare,1255,66.9,9.84,109.8,8,71.9,48.86,68.3,9.45
phycore,1274,63.6,7.31,103.6,7.79,68.2,48,63.8,9.46
phycore229x,1360,68.5,8.1,110.7,9.27,73.4,56.98,69.2,10.25
picasso,1248,66.8,7.48,106.3,7.63,70.5,47.63,67.2,9.36
pid,1229,62.7,6.87,101.8,7.15,67.6,47.13,63,8.86
prpmc1100,1223,63.4,5.45,102.5,7.13,65.6,44.66,63,8.68
psim,1181,62,6.69,99.5,6.5,65.7,40.22,63.2,8.42
rattler,1311,70.9,8.8,115.1,9.13,75.8,55.9,72.6,10.83
ref4955,1218,62.8,6.28,101.4,6.99,67.2,45.01,63.3,8.69
refidt334,1263,71.2,8.97,112.2,8.33,75.2,50.1,73.7,10.15
sa1100mm,1222,63.2,7.12,102.7,7.16,67.6,44.79,63.9,8.73
sam7ex256,1332,67.7,8.03,110.9,8.94,71.8,54.35,68.8,10.14
se7751,1295,73.3,9.57,118.7,9.13,79,55.4,75.1,10.37
sh4_202_md,1258,73.3,7.79,114.2,8.36,77.1,51.06,74.1,9.91
sh7708,1253,78.6,8.15,123.2,8.9,83.1,50,79.7,9.64
skmb91302,1217,63.7,5.81,100.5,6.97,67.8,43.79,63.7,8.93
sleb,1188,62.6,5.63,99.4,6.58,65.5,40.73,62.3,8.42
smdk2410,1265,81.7,8.53,130.1,9.46,83.8,51.57,80.3,10.26
snds,1218,66.4,6.08,106.6,7.36,69.9,46.44,66.5,8.96
sparc_erc32,1168,63.5,4.71,99.7,6.34,65.3,40.09,63.4,8.35
sparc_leon,1168,61.9,5.58,98.9,6.31,65.4,41.4,62.8,8.13
sparclite_sim,1168,61.8,5.61,99,6.36,67.2,40.26,62.4,8.22
stb,1252,64.1,7.06,102.9,7.42,67.4,48.44,64.3,9.3
stdeval1,1190,63.2,6.43,103.9,6.89,67.3,43.07,64.5,8.5
stm3210e_eval,1269,64,6.02,103.7,7.71,66.9,47.09,64.4,9.31
toybox,544,12.2,0.04,16.2,0.24,16.6,1.28,13.6,0.29
ts1000,1297,67.6,7.87,109.2,8.44,71.1,52.81,69.2,10.04
ts6,1240,68.6,5.68,108.4,7.68,72.5,51.11,68.2,9.48
tx39_sim,1179,62.1,5.18,99.7,6.47,65.9,40.87,62.7,8.36
uE250,1249,67,6.83,106.1,7.7,70.8,47.65,67,9.3
vads,1240,67.5,8.06,108,7.7,71.5,49.42,68.7,9.41
viper,1301,67.7,7.88,108.1,8.49,71.7,53.13,68.7,10.11
vrc4373,1247,64.5,7.73,103.3,7.47,68,49.8,64,9.15
vrc4375,1258,68.2,6.79,109.8,8.05,71.5,50.07,69,9.57
XSEngine,1260,66.9,8.77,106.6,7.65,70.1,50.33,68.7,9.51
uClinux-config,11254,46.4,56.44,65.8,344.26,N/A,N/A,34.3,291.65
