,"λ = 100, η = 50",,"λ = 100, η = 100",,"λ = 100, η = 150",,"λ = 100, η = 200",,"λ = 150, η = 50",,"λ = 150, η = 100",,"λ = 150, η = 150",,"λ = 150, η = 200",,"λ = 200, η = 50",,"λ = 200, η = 100",,"λ = 200, η = 150",,"λ = 200, η = 200",,"λ = 250, η = 50",,"λ = 250, η = 100",,"λ = 250, η = 150",,"λ = 250, η = 200",
Instance,avg. size,avg. time (s),avg. size,avg. time (s),avg. size,avg. time (s),avg. size,avg. time (s),avg. size,avg. time (s),avg. size,avg. time (s),avg. size,avg. time (s),avg. size,avg. time (s),avg. size,avg. time (s),avg. size,avg. time (s),avg. size,avg. time (s),avg. size,avg. time (s),avg. size,avg. time (s),avg. size,avg. time (s),avg. size,avg. time (s),avg. size,avg. time (s)
aaed2000,86.667,22.407,95.667,3.598,98.667,3.697,96.333,4.323,86,25.615,100,4.003,97.333,4.353,94.333,4.933,87.667,24.86,97.333,4.685,96.667,4.916,96.333,5.301,86.333,22.491,93.333,5.284,92.333,5.243,94.667,5.661
adder,66.333,18.07,72.667,2.525,75,2.332,73.333,2.492,66,23.672,73,2.762,75,2.705,72.667,2.947,67.333,16.609,75.667,3.235,74,3.171,72.667,3.358,66.333,21.262,73.333,3.688,73.333,3.596,72.333,3.735
adderII,66.667,25.314,73,2.373,76.667,2.335,74.333,2.497,64.333,21.114,73.667,2.79,71.667,2.788,74.333,2.934,65,16.463,72.667,3.163,73.667,3.22,70.667,3.384,64.667,20.751,73,3.806,73,3.628,73,3.814
aeb,63,18.609,69,2.415,71.667,2.093,70,2.238,65,32.516,71.333,2.379,72.667,2.541,71.333,2.596,64.333,19.16,71,3.067,69.667,2.925,70,3.098,62.667,13.686,69.333,3.268,70.667,3.346,71.333,3.467
aim711,67.333,19.174,75,2.386,75.667,2.313,74.333,2.589,66.333,17.45,74,2.655,74,2.725,74,3.085,66.667,18.47,73,3.257,73,3.24,73,3.396,65.333,26.355,72.667,3.782,72.667,3.611,74,3.856
aki3068net,65,20.767,73,2.381,73.333,2.24,73,2.329,65.333,13.952,74,2.655,74.667,2.558,73.333,2.823,65.333,22.135,73,3.114,71.667,2.984,72.667,3.122,64.667,21.601,72,3.549,72.333,3.399,72,3.546
am31_sim,61,15.846,68.667,1.849,70,1.886,67.333,2.001,60.333,11.992,66.667,2.298,69,2.271,67,2.299,60.667,14.469,70,2.849,67.667,2.565,69.333,2.802,59.667,13.674,68,3.03,67.667,2.958,67.667,3.072
asb,62,12.679,66.667,2.207,69,2.091,69.667,2.306,62.333,21.057,68.667,2.787,70.333,2.484,66.667,2.693,60,11.419,68,3.078,71,2.998,69.333,3.084,64.667,20.186,69,3.752,70,3.387,69.333,3.546
asb2305,62.667,22.569,70,2.106,70.333,2.238,68.333,2.311,59.667,20.995,69.667,2.602,71,2.523,68.333,2.711,62,19.109,69.333,3.222,70,2.972,67.333,3.106,63.333,24.988,69,3.775,69.667,3.42,69.667,3.603
assabet,63.667,18.321,71.667,2.112,71.333,2.182,69,2.321,62,21.595,69,2.644,70.667,2.678,69.667,2.829,62,15.959,71.667,3.029,68,3.031,67.667,3.119,62.667,20.54,68.667,3.784,70.333,3.48,69.667,3.615
at91sam7sek,64,12.731,72.667,2.111,71,2.176,70.333,2.446,63.333,21.141,69,2.8,71,2.6,69.667,2.754,61.667,27.027,69.667,3.331,71.333,3.074,67.667,3.203,62,33.936,71.333,3.452,70.333,3.563,69.667,3.675
at91sam7xek,67.667,26.555,72.333,2.484,75.333,2.448,73.333,2.793,67.333,29.73,75.333,3.071,74.667,2.9,73.667,3.214,68.333,24.204,73.667,3.389,74,3.362,71.333,3.578,68.333,17.74,71.333,4.249,73,3.912,74.333,4.082
atlas_mips32_4kc,67.667,17.378,74.667,2.282,73.667,2.109,75,2.491,67.667,14.519,72.667,2.922,72.333,2.689,73,2.93,65.333,16.332,70.667,3.066,74.667,3.087,72.667,3.205,65,17.619,73.333,3.651,73.667,3.482,70.667,3.545
atlas_mips64_5kc,67,19.482,73.333,2.393,74,2.215,74,2.43,66.333,15.72,72.667,2.643,72.333,2.631,74.333,2.87,63.667,15.194,72.333,3.183,73,3.115,73.333,3.227,66.333,15.313,73,3.627,73.333,3.464,73.333,3.631
brutus,61.667,15.257,69,2.112,70.333,2.109,68.667,2.181,61,14.198,68.333,2.59,69.667,2.404,69.333,2.504,62.667,15.619,68.333,2.855,71,2.829,67.667,2.875,62.333,29.737,69.333,3.279,70.333,3.201,68,3.309
buildroot,21.667,1.131,26,0.507,25.333,0.507,24.333,0.494,22,0.904,26,0.73,24.667,0.72,23.667,0.694,21.667,1.359,26,0.93,25,0.908,23.667,0.851,22,1.336,25.667,1.134,25.333,1.092,23.333,1.05
busybox_1_28_0,35,14.798,43.667,1.539,44.333,1.497,43.667,1.495,34.667,13.907,44.667,2.146,44,2.028,44.667,2.036,37.333,16.204,43,2.718,46,2.563,44,2.553,34.667,14.296,43.333,3.315,44.667,3.097,43.667,3.028
calm16_ceb,61,17.401,68.333,2.05,68.333,1.947,66,2.061,60.667,10.716,69.333,2.297,69,2.32,68,2.435,61.333,12.626,69,2.813,68.333,2.655,68.333,2.815,61,11.717,67.333,3.162,69.667,2.989,67.667,3.155
calm32_ceb,60.333,14.948,69,2.102,71,1.979,69.667,2.104,62,14.111,70,2.2,68,2.331,68.667,2.516,61.333,16.594,67.667,2.817,68.667,2.648,67.667,2.835,61.333,18.15,69.667,3.084,67,3.096,66,3.229
ceb_v850,61.333,11.689,68.667,2.019,71,1.86,70.333,2.224,62.333,14.677,69,2.354,68.667,2.385,68.667,2.496,61.667,17.572,67.667,2.753,69.333,2.776,68.667,2.901,61.667,21.151,69,3.051,68.667,3.144,66.667,3.146
cerf,66.667,28.907,74,2.899,75.333,2.415,75,2.711,66.667,23.17,75,2.949,73.333,2.929,74.667,3.164,67,18.651,73,3.65,75.333,3.361,74.667,3.688,66.333,16.57,74.333,4.126,74,3.754,74,3.977
cerfpda,66.667,23.875,75.333,2.618,74.333,2.492,75.667,2.778,67,14.088,73.333,2.989,75.667,2.93,76.333,3.224,65.333,27.022,76,3.367,75.333,3.532,74.333,3.584,68,20.561,74.667,4.023,74.667,4.013,75,4.102
cma230,61.667,12.614,68,2.281,68.667,1.944,68,2.168,62,13.836,69,2.436,66,2.389,65.667,2.429,60,12.794,68.667,2.771,69.333,2.772,68.333,2.878,61.667,15.831,67.333,3.372,70,3.173,68,3.309
cma28x,60.333,12.009,69.333,1.887,70,1.943,68,2.06,62,13.552,67.333,2.44,68.667,2.358,69,2.425,61.333,16.905,68.333,2.771,66.667,2.777,68,2.921,60,18.325,69.667,3.06,68,3.076,69,3.28
cme555,62,15.14,68.667,2.344,70.333,2.244,69.333,2.372,61,18.506,71,2.708,71.333,2.665,67.333,2.826,62,12.553,71.333,3.215,69.667,3.176,69.333,3.3,61,15.406,69,3.737,70.333,3.584,69.333,3.639
cq7708,78.333,17.271,83,2.744,84.667,2.606,85,3.016,75,18.957,83.333,3.012,83.667,3.156,82.667,3.366,77.333,14.291,84.667,3.392,84.333,3.518,82,3.782,75,19.505,84,3.983,82.667,4.007,83,4.145
cq7750,63.667,17.148,73,2.585,75,2.249,72.667,2.44,64,17.178,71.667,2.66,74,2.649,70,2.841,64.333,17.178,71.333,3.13,71.333,3.174,71.667,3.389,62.333,16.328,69.333,3.824,70.667,3.671,71.667,3.657
csb281,69,27.999,75.667,2.74,79,2.451,74,2.791,69.667,15.451,77,3.014,76.667,2.899,77,3.08,69,20.982,76.333,3.236,76.667,3.312,75.667,3.529,67.333,21.034,75.667,3.767,76.667,3.863,75.333,3.853
dreamcast,68.333,22.588,78.667,2.209,79,2.422,76.667,2.751,68.667,15.562,80,2.821,79,2.884,77.333,3.208,68.333,18.996,76.667,3.389,78,3.317,76.667,3.454,70.667,15.22,75.667,3.846,75.667,3.732,76,3.976
e7t,67,16.057,75.333,2.266,75.333,2.432,74.667,2.614,68,25.854,75.333,3.163,76,3.017,74.667,3.171,66,18.758,73,3.553,75,3.398,74.333,3.604,67,22.766,74,3.971,74.333,3.978,75,4.031
ea2468,67,28.882,74.667,2.319,74.667,2.481,73.333,2.659,66,21.515,74.333,3.154,77,2.918,72.667,3.023,64.333,18.135,74.333,3.292,73.333,3.44,73.667,3.688,65.333,19.881,72.667,3.962,74,3.888,74.667,4.063
eb40,64.333,15.449,70,2.31,68.667,2.109,68.333,2.325,62.667,15.579,71.333,2.492,69.667,2.507,69.333,2.669,63.667,18.771,69,2.875,69,2.917,69.667,3.044,63.333,11.682,69.333,3.418,68.333,3.249,69,3.473
eb40a,62,15.829,68.667,2.068,71.333,2.101,69.667,2.38,62.333,17.073,71,2.528,70,2.483,68.667,2.74,63.333,15.666,69,3.035,71,2.948,69,3.136,62,18.265,68.333,3.439,70.333,3.343,70.333,3.593
eb42,62.333,18.28,68.333,2.149,68.333,2.044,70.667,2.353,62.333,17.28,69,2.478,70,2.453,69,2.645,59.333,13.386,69,3.017,70.333,2.874,69.333,3.039,62.667,16.263,66,3.327,68.333,3.35,67,3.389
eb55,62,18.935,71.333,2.214,70.667,2.144,71,2.384,63.333,15.791,71,2.632,68.667,2.607,69,2.755,61,13.678,71.333,3.12,69.667,3.042,68.667,3.181,61.667,14.701,69,3.569,70.333,3.472,68.333,3.653
ebsa285,70.667,16.535,78.333,2.421,78.333,2.577,79,2.839,69.667,28.901,76.667,3.176,77.333,3.058,76,3.367,70,21.737,77,3.616,76.667,3.404,77.333,3.701,70.333,23.565,76.333,4.083,77,3.862,77.333,4.071
ec555,63,11.212,71,2.111,69,2.205,70,2.465,62.667,12.062,71.333,2.822,69.333,2.665,70,2.937,60.667,19.37,68.667,3.184,68.667,3.055,69,3.217,61,26.711,69,3.597,70.667,3.557,68,3.631
ecos-icse11,67.667,14.699,75.333,2.231,74.667,2.245,75,2.537,67,18.959,73,2.725,74,2.687,72,2.908,67,15.357,72.333,3.453,72.667,3.213,73.333,3.365,66,15.444,72,3.706,73,3.579,73.333,3.739
edb7xxx,67.667,18.768,72,2.542,74,2.374,75.333,2.51,66.333,13.002,75.667,2.679,75.333,2.77,72,3,66.667,19.414,71.333,3.302,71,3.186,73.333,3.405,66,23.455,72.333,3.785,73.333,3.669,71,3.77
edosk2674,64,14.466,71.667,2.196,73.333,2.142,72,2.4,64.667,12.491,73.667,2.476,70.667,2.481,74,2.79,66.333,21.743,73.333,2.896,72.333,2.936,72.333,3.024,64.667,17.79,73,3.553,74,3.456,72,3.513
excalibur_arm9,79,29.212,84.667,2.988,87,3.071,84.333,3.424,78.333,22.629,84.667,3.455,86.667,3.367,85.667,3.711,75.667,22.884,87.333,3.98,87.333,3.727,87,4.155,77.333,22.244,85,4.24,86,4.246,86,4.704
fads,61,11.106,67.667,1.927,69,1.805,69.667,2.074,59.333,13.939,67.667,2.407,67.333,2.287,67.667,2.553,62.333,13.996,69.333,2.657,69,2.603,68.333,2.781,62,13.283,68,3.227,69.667,3.052,68,3.261
flexanet,67.333,19.23,73.667,2.52,76.333,2.41,75,2.586,67.333,21.374,76.333,2.841,75,2.948,75.333,3.14,68,27.453,74,3.505,73.667,3.355,73.667,3.546,68,21.57,75.333,3.921,74.667,3.842,74.667,3.929
freebsd-icse11,73.667,38.655,90.667,7.19,90,7.049,89,7.284,75.667,38.521,91,9.204,86.333,9.061,88.333,9.25,73.667,49.386,88.333,11.358,89,11.039,86.667,11.192,73.333,41.076,89.667,13.659,87.333,13.031,88.667,13.098
frv400,64.333,26.759,73,2.536,75.333,2.374,74.667,2.474,66.667,14.455,72.333,2.857,73,2.743,72,2.967,67.333,15.975,73,3.417,74,3.267,72.667,3.491,63.667,26.711,74,3.769,70.333,3.65,71.333,3.917
gps4020,62.333,13.601,69.667,2.192,69.333,1.987,69.667,2.225,61.333,21.659,70,2.518,69.333,2.404,70,2.624,61.667,17.547,68,3.017,70,2.825,68,2.924,61,17.807,70.667,3.287,67.333,3.269,69.333,3.352
grg,64.667,12.966,72.667,2.233,75,2.267,71.333,2.459,64.333,18.747,72.667,2.68,73.667,2.739,72,2.856,64,17.228,73.333,3.156,72.667,3.072,72.333,3.321,64.333,21.766,70,3.683,72,3.581,72,3.754
h8300h_sim,62.667,13.133,67.667,2.029,69.667,1.801,68.333,2.029,60.667,15.851,68,2.274,69.333,2.235,68.667,2.34,61.333,13.248,68.333,2.575,66.667,2.597,67.333,2.773,61,10.781,68,3.17,67,2.945,66.667,3.03
h8max,66.333,14.833,73,2.076,73.667,2.071,73,2.347,65.333,18.688,71.667,2.512,72.333,2.581,72.333,2.663,65.333,21.597,71.333,2.965,72.667,2.969,73.667,3.112,65,15.99,75,3.548,72.667,3.369,72,3.464
h8s_sim,61,17.28,68.333,1.869,69.333,1.839,68,2.103,61.667,20.33,68,2.359,67.667,2.18,69.333,2.425,61.333,13.005,68.333,2.682,69.333,2.633,68,2.775,59.333,17.394,69,2.985,66.667,2.939,65.667,3.068
hs7729pci,84.333,37.318,92.333,3.562,95,3.71,95.667,4.116,84.667,31.875,92.667,4.059,92.667,4.107,94.667,4.558,85,21.552,93.667,4.932,94.333,4.73,91.667,5.038,87,22.25,94,5.215,93.667,5.266,94,5.544
innovator,85,20.456,96,3.542,95.333,3.768,96.667,4.145,84.667,27.191,93,4.051,95.667,4.113,93,4.638,88,24.174,92.667,4.665,92.667,4.712,93.333,5.125,87,26.674,90,5.22,93,5.298,95.333,5.547
integrator_arm7,63.667,21.026,71.667,2.554,75.667,2.54,76.333,2.648,67.333,23.16,72.667,2.771,72.667,2.891,73.667,3.043,65.333,24.585,74,3.562,74.333,3.242,74.333,3.501,66.667,21.422,74.667,3.773,73,3.733,73.667,3.968
integrator_arm9,80.333,23.351,85.667,2.99,88.667,3.084,84.667,3.499,81,30.429,86.667,3.59,87.667,3.574,85,3.774,80.333,24.719,88,4.017,88.667,4.032,87,4.343,82,22.502,88,4.594,88.333,4.642,87.333,4.914
ipaq,63.333,18.702,68.667,2.131,70,2.055,70.667,2.318,60.667,15.522,70,2.832,71,2.43,69,2.639,63.667,14.084,69.667,2.996,70,2.883,70,3.065,62.667,14.462,69.667,3.443,69.333,3.332,71,3.534
iq80310,65.333,18.3,72.667,2.298,73.333,2.329,73.333,2.587,65.667,22.511,73.333,2.821,75.333,2.842,74.333,2.874,65.333,16.598,71.333,3.402,74,3.213,74.667,3.447,65.667,22.641,72,3.713,72.667,3.689,72,3.679
iq80321,64.667,19.551,73.667,2.243,73.333,2.257,74.667,2.592,65.667,16.474,72.667,2.834,73.667,2.676,71.667,3.033,66,16.688,70.333,3.365,74.667,3.174,76.333,3.352,66,18.421,74,3.671,75,3.749,71.667,3.782
ixdp425,66.667,20.745,72.333,2.156,75.667,2.355,73,2.502,65,20.149,72,2.744,73,2.769,74,2.852,64.667,24.431,73,3.176,73.667,3.136,73,3.41,64,16.35,73,3.724,73.333,3.655,72.667,3.808
jmr3904,62.667,14.575,69.333,1.958,72.333,2.004,69,2.162,63,14.909,66.333,2.556,70,2.419,68.667,2.596,62.667,15.379,69.333,2.786,69.667,2.77,68.333,2.85,60.333,19.601,69.333,3.294,68.667,3.107,67,3.235
jtst,63,17.014,71,2.029,70.667,1.982,69.333,2.192,61.333,15.59,68,2.606,70,2.435,70,2.696,62.667,20.818,69.667,2.97,69.333,2.863,68,3.085,63,14.653,69.333,3.371,70,3.399,69.667,3.54
linux,71,17.04,78,2.413,77.333,2.514,78,2.733,70.667,16.623,77.667,2.854,80,2.911,77,3.112,69,14.748,77,3.59,77,3.323,76.333,3.544,70.333,16.47,75.667,4.032,76,3.76,76,3.879
lpcmt,62,90.985,65,6.468,68.333,2.369,70,2.38,60.667,82.003,62,8.325,66.667,2.758,70.333,2.664,62.667,63.841,63.333,6.826,69,3.075,68,3.084,62,53.484,63.333,5.369,67.333,3.493,67.333,3.563
m5272c3,67,63.316,71,6.582,75,2.988,75,2.888,69,68.905,69,9.228,74,3.395,74.333,3.17,69.667,84.781,68.667,10.051,74.667,3.866,74.667,3.673,68.333,75.414,70.333,6.412,73,4.264,76.333,4.03
mac7100evb,59.667,62.865,62.667,6.43,69,2.162,68,2.306,61.667,74.499,62.333,5.598,70,2.733,69,2.608,61.667,61.648,63,6.944,68.333,3.014,67.333,3.039,60.667,61.248,62.333,8.026,68.333,3.406,68,3.351
mace1,63,69.961,62.333,8.136,69,2.191,69.333,2.217,63,62.223,63.667,5.895,69,2.648,67.667,2.444,60.333,61.644,63,6.173,67.667,2.898,67.333,2.964,60.667,58.379,62.333,7.927,66.667,3.39,67.667,3.347
malta_mips32_4kc,65,81.228,66.333,10.96,74,2.452,72.333,2.64,66,50.944,67.333,6.661,72.333,2.894,71,2.937,66.667,81.611,67.667,8.262,71.667,3.563,73.333,3.458,67.667,61.729,68.333,7.523,73,3.879,73.667,3.977
malta_mips64_5kc,67.333,75.472,67,5.993,73.333,2.593,73.667,2.636,67,99.172,66.667,9.415,71.667,3.085,73,3.101,65.667,51.949,67.333,9.802,75,3.275,72.667,3.414,66,77.914,68.333,8.244,71,4.002,74.667,3.856
mb93091,67,82.747,67,7.627,72,2.265,74,2.626,66,96.653,67.333,6.074,72,3.01,73.667,3.027,65.333,75.412,67.667,6.476,70.667,3.531,73,3.374,64,69.263,69.667,8.113,72,3.944,74,3.859
mb93093,67.333,49.975,67.667,5.784,73.333,2.5,73.667,2.658,65.667,67.096,68.667,5.741,69.333,3.168,72.333,2.919,64.667,66.197,66.667,7.279,71,3.355,73.667,3.618,65,73.568,68.333,6.994,72,3.937,72.667,3.865
mbx,67.667,62.267,68.667,7.598,73,2.587,74.667,2.755,64.333,58.595,67.667,8.209,72.667,3.364,74,3.001,66.333,85.305,68.333,9.487,73.333,3.69,73.333,3.645,65.667,92.162,66,7.354,72.333,4.027,73.333,3.977
mcb2100,61.667,62.252,62,7.773,70,2.212,69,2.306,61,48.988,64.667,5.774,66.667,2.705,69,2.65,61.333,52.173,65.333,6.637,70.333,3.228,68.667,3.176,63.333,66.186,62.333,6.994,68.667,3.586,68.667,3.542
moab,69,41.75,68.667,9.678,76,2.853,76.667,2.84,70,120.605,70,7.821,76.333,3.077,76.667,3.318,68.667,60,70,8.04,75.667,3.668,73.333,3.76,69.333,78.01,70.667,9.581,74.333,4.109,74.667,4.143
mpc50,61.667,61.223,62,7.079,68.667,1.984,67,2.258,61.333,54.663,63,5.987,66.667,2.679,69,2.777,60,45.983,62.333,6.52,66.667,3.051,68,3.052,61.333,61.071,63.667,6.22,67.333,3.37,67.333,3.263
nano,68,82.501,71,6.529,76.667,2.918,77.333,2.968,69.333,33.843,71.667,12.355,80,3.1,79.333,3.455,70,88.98,72,8.529,77.333,3.758,78.667,3.744,69.667,97.053,72.333,7.886,79.333,4.134,76.333,4.156
npwr,64.667,61.791,68.333,7.802,74.667,2.443,73,2.561,63.667,58.933,66.333,8.847,72,3.117,74.667,3.109,64.333,58.017,66.333,8.24,71.667,3.32,73,3.435,66,84.801,67,10.791,72.667,3.811,72,3.714
ocelot,66.333,58.945,66.667,7.053,72.667,2.726,74.333,2.744,65.333,58.789,66.333,9.627,74,3.254,73.333,3.129,66.333,103.322,67.667,8.509,72,3.611,73,3.596,65.667,47.028,66.333,10.702,71.333,4.258,74.333,4.177
olpce2294,67,62.013,69.333,8.168,75,2.608,75,2.688,65.667,73.824,67.333,7.056,73.333,3.021,75.667,3.054,66.667,55.773,65.333,10.342,72.333,3.478,74.667,3.546,67.333,76.764,67.667,8.137,74,3.992,74.667,4.009
olpch2294,61.333,45.687,64.333,6.137,70.667,2.263,69.333,2.271,61.667,61.418,64.333,7.693,69.667,2.739,68.333,2.779,60.667,86.877,64.333,7.357,68,3.115,67.333,3.216,59.667,79.284,63,10.205,67.333,3.433,67.667,3.59
olpcl2294,67.667,62.955,67.667,7.418,72,2.799,74.667,2.617,66.333,61.184,70.667,4.78,75,3.024,73.333,3.06,66.333,71.106,68.667,5.52,74,3.565,73.333,3.534,65.667,91.461,68.667,9.379,73.333,4.023,74,4.019
p2106,61.667,56.502,63.333,6.537,67.333,2.353,72,2.3,62.333,58.615,63.667,5.682,67.333,2.925,70,2.768,61.667,63.571,63,6.173,67.667,3.367,68.667,3.075,61.333,46.124,63.667,7.193,68,3.455,67.667,3.494
pati,60.333,58.263,62,6.678,69,2.448,68.333,2.414,62,59.308,63,6.383,69,2.765,68.333,2.81,63,81.306,62.333,7.544,68.667,3.197,69.333,3.089,61,81.729,63.333,8.675,68,3.531,68.333,3.489
pc_i82544,64.667,68.673,70,7.329,71.667,2.566,74.667,2.695,66.667,49.909,69.333,8.368,72.333,2.92,74.333,3.154,68,61.535,68.333,6.998,73,3.427,74.333,3.544,67,72.21,68.667,9.413,71.667,3.85,75.333,3.924
pc_i82559,66.667,49.588,67.667,6.407,78,2.48,74,2.586,68.333,79.544,69,9.359,72.667,2.969,75,3.102,67,90.144,66,9.237,74.333,3.28,75.667,3.626,66.667,68.874,68,8.687,73.667,3.838,74,3.938
pc_rltk8139,70.667,96.56,69.667,8.693,76,2.987,77,2.975,71.667,105.362,72.667,7.305,77.667,3.267,76.667,3.34,69.333,76.562,71.333,7.878,75.333,3.945,77.333,3.751,70,82.05,71.333,10.599,75,4.313,77,4.158
pc_usb_d12,62,57.511,65.333,7.477,70,2.732,71,2.701,64.333,87.288,63,9.602,70.333,3.012,70.667,2.916,63.333,96.449,65.333,6.098,70.667,3.41,69,3.421,63.667,56.141,62.333,10.688,70,3.899,70,3.967
pc_vmWare,67.667,62.461,68,5.723,73.667,2.597,73.333,2.48,65.667,61.198,66.667,7.694,72.667,3.209,74,3.048,65.667,76.371,67.667,9.782,72.667,3.337,72.667,3.422,66.333,71.275,67.667,10.88,72,3.688,72.667,3.884
phycore,62.667,56.123,64.333,6.038,69.667,2.517,69,2.405,61.667,67.102,63.667,5.819,67.333,2.991,70.333,2.869,62.667,98.272,63.667,7.927,69,3.275,68.667,3.302,64.667,65.878,62,8.741,68.333,3.859,68,3.716
phycore229x,67.667,84.047,68.667,7.284,74,2.716,73.333,2.801,65.667,110.192,67.667,9.249,76.333,3.337,74.333,3.371,66,99.127,68.667,7.178,75.667,3.672,74.333,3.813,67,109.882,68,8.768,74.333,4.242,72.333,4.151
picasso,63.667,68.562,66.333,8.462,71.667,2.501,72,2.484,66,81.956,66,5.794,71.667,2.736,72.333,2.948,64.667,105.453,68.333,7.622,70.667,3.242,72,3.366,66.667,51.304,65.667,8.522,71.667,3.831,71,3.591
pid,60.333,57.334,62.667,8.025,67.333,2.314,70,2.344,62,58.19,62.667,8.665,68.333,2.714,69.333,2.651,62,75.258,64,6.309,69.667,3.167,68.333,2.97,59.333,59.213,63.667,7.736,68,3.624,69.333,3.4
prpmc1100,63.333,50.945,63.333,6.131,68,2.319,68.667,2.24,60,64.804,62.333,6.176,69,2.749,69,2.556,62,36.377,63.333,7.253,68.667,3.006,68,2.934,61,52.921,62.333,8.732,67.667,3.624,68.667,3.414
psim,62.333,58.75,62.333,4.023,66.667,2.022,70,2.1,61,69.588,61.667,6.12,67.333,2.263,66.667,2.457,59.667,46.045,63.333,5.989,66,2.896,67.667,2.777,59.667,51.998,64,5.995,66.667,3.229,66.667,3.119
rattler,71,104.015,71.333,8.399,78.333,3.172,77.667,3.083,67.667,111.258,70,10.864,77.333,3.622,77.667,3.655,70.333,54.548,70.333,9.423,78.333,4.002,76.667,4.084,67.333,70.91,71.667,8.512,76.667,4.79,77.333,4.508
ref4955,61.667,58.834,63,9.201,67.333,2.317,69.667,2.328,62.333,50.041,61.333,11.605,68.333,2.912,69.667,2.657,64,63.764,62.333,9.643,70.667,2.981,69,3.083,61.667,73.057,61.667,6.67,68,3.446,68.333,3.355
refidt334,70.333,65.979,72,8.578,79,2.968,78.667,3.092,69,72.803,73.333,7.476,75,3.424,76.333,3.452,68.667,85.085,70.667,7.848,75.333,3.777,77.333,3.861,69.667,78.17,71,8.253,76,4.45,76.333,4.417
sa1100mm,61.667,43.732,63,5.904,68.333,2.34,68,2.277,63,55.306,62.333,6.937,67.333,2.57,69.333,2.724,61,50.677,64.333,6.08,69,3.035,66.667,2.961,61.333,38.015,65.333,6.426,68,3.479,65.667,3.423
sam7ex256,67.667,71.978,66.333,7.166,72,2.828,76.333,2.773,66.333,93.555,68.667,6.909,74.667,3.141,74.333,3.15,65,100.66,68.667,8.622,74,3.61,74.667,3.657,67.333,80.827,66.667,11.784,73.333,4.03,73.333,4.115
se7751,72.667,68.775,73.667,7.383,78.333,3.141,79.667,3.148,72.333,118.79,73.333,11.865,80,3.351,78.333,3.461,70.667,71.774,73.333,8.719,80.667,3.779,81,3.996,70.667,69.308,71.667,9.832,78.667,4.538,78.667,4.485
sh4_202_md,72.333,66.831,71.667,9.154,79.333,2.736,77.333,2.86,69.333,87.147,73,8.814,78,3.167,78.667,3.191,72.333,76.495,71.333,7.885,77.667,3.513,77.667,3.726,71,66.643,73,8.319,77.667,4.086,77.333,4.052
sh7708,76.333,68.565,78.667,7.208,83.667,3.077,85,3.258,76.333,70.901,80.333,9.912,85,3.498,87,3.637,76.667,73.854,79.333,8.44,84.667,3.915,82,4.064,76.333,65.837,79.667,8.733,82.667,4.551,83.333,4.38
skmb91302,61.333,58.579,62.333,6.174,71,2.142,69,2.268,62.333,90.954,64.333,7.163,68.333,2.641,71,2.825,61.333,65.089,62.333,8.685,68,3.004,67,3.034,63,47.594,63,6.021,70.333,3.579,68,3.409
sleb,59.667,50.094,62,6.48,68.333,2.101,66,2.076,58.667,100.044,61,6.177,66.667,2.356,66,2.402,61.333,48.97,63,6.811,67.333,2.913,66.333,2.88,60.333,50.762,60.333,6.013,68.333,3.03,66,3.145
smdk2410,79.667,89.689,80.667,10.944,86.333,3.69,85.333,3.508,81.333,65.068,80,10.433,86,3.916,85.667,3.893,77,67.788,80.667,10.62,84.333,4.478,89.333,4.476,78.333,72.931,79,9.86,86.333,4.804,86,5.08
snds,65.667,37.78,66.667,9.275,72.333,2.306,70.667,2.327,64.333,95.568,67.333,6.123,69.333,3.078,72,2.729,65.667,66.525,65.667,9.089,73,3.155,71.333,3.09,64.667,62.644,66.667,7.758,71.333,3.487,72.333,3.587
sparc_erc32,60.333,14.497,67.333,1.899,68.667,1.826,68.333,2.046,61,16.027,66.667,2.467,70.333,2.229,67.333,2.411,61.333,15.134,69,2.545,67.667,2.532,66.667,2.744,60,17.422,69.667,3.129,69,3.059,68.667,3.05
sparc_leon,58.667,16.567,65,2.105,68.667,1.824,68.667,2.156,60.333,12.457,68.667,2.342,70,2.245,67.333,2.355,62.333,13.485,66.333,2.773,67,2.515,65.667,2.719,59.333,13.195,66.667,3.058,70,2.983,68,3.039
sparclite_sim,59.667,11.721,68.333,1.937,67,1.755,69,1.973,61,14.088,67.667,2.31,68.667,2.224,67.667,2.317,58.667,14.342,68.333,2.622,68.333,2.606,66.667,2.659,60,15.011,67.667,2.947,68.333,2.938,66.333,3.03
stb,63,14.888,70.333,2.258,71.333,2.155,70.333,2.445,62.333,16.231,68.667,2.843,70.667,2.635,70,2.831,60.333,19.963,70.667,3.293,71,3.087,69,3.267,61.667,21.429,69,3.737,70,3.645,70,3.73
stdeval1,63.333,24.653,68.333,2.148,70.333,1.985,70.333,2.282,63,15.852,69.333,2.476,68.667,2.405,68.667,2.582,62,13.906,68.333,3.216,70,2.822,68.667,2.947,63.667,14.534,69.667,3.208,71,3.24,69,3.242
stm3210e_eval,63,16.565,70,1.88,70,1.917,68.333,2.235,60.333,18.837,69,2.744,69.667,2.481,70,2.709,61.667,17.87,69,3.107,68.667,2.837,67,3.01,61,12.906,68.667,3.474,68,3.322,68.333,3.523
toybox,12,0.034,12.333,0.034,12,0.033,12.333,0.034,11.667,0.037,12.667,0.037,12.333,0.037,12.667,0.036,12.333,0.061,12.333,0.04,12.333,0.041,12.333,0.043,12,0.046,11.667,0.044,12.333,0.043,12.667,0.044
ts1000,65,25.563,72.667,2.714,73.333,2.373,72,2.728,67.667,17.763,73,2.827,73.333,2.891,73.667,3.101,65,18.848,73,3.427,75.667,3.325,72,3.551,66.667,18.131,71,3.975,73,3.834,73.667,3.973
ts6,65.667,16.463,72.333,2.354,74,2.369,73.667,2.525,64,17.156,73.333,2.811,72.667,2.734,73,2.861,66.333,22.371,74.667,3.333,75,3.227,72.333,3.43,67.333,16.359,74.333,3.744,75.333,3.69,74.333,3.827
tx39_sim,59,18.63,66.667,2.342,68.667,1.881,68.667,2.126,61.333,18.133,69.667,2.288,67.667,2.275,67.667,2.361,60,12.417,68.333,2.794,66.333,2.6,67.333,2.72,61.667,15.714,66,3.396,69.667,2.989,66.667,3.101
uClinux-config,43.667,38.853,51.667,34.01,50.667,32.819,49.333,32.736,43,51.315,51,44.538,48.667,42.401,48.667,42.024,44.333,60.079,49,53.374,50,51.979,47.667,50.188,43.667,68.724,51,62.8,48.667,60.957,48,59.505
uE250,64.667,20.159,71.667,2.341,72,2.23,73.333,2.541,66.333,13.349,74,2.663,72.667,2.713,73,2.931,64.333,15.207,71.333,3.239,72,3.116,72,3.274,64.667,20.214,73,3.593,73.667,3.641,73,3.796
vads,64.667,19.641,73.333,2.522,73.333,2.37,73.333,2.52,66,20.166,72.667,3.077,72.667,2.722,73,2.902,66,16.228,74,3.302,74.667,3.296,72.667,3.347,66.333,16.663,73.667,3.641,73.333,3.604,73.667,3.787
viper,65.667,18.536,73.333,2.601,75.667,2.383,73.333,2.69,64.667,16.729,74.667,2.852,74.333,2.958,73,3.099,65.667,24.537,75,3.513,72.667,3.347,72,3.597,68.667,25.536,73.333,3.878,73.333,3.916,71,3.936
vrc4373,61.333,15.855,68,2.408,72.333,2.206,69.667,2.44,61,18.064,70,2.732,69.667,2.632,69.333,2.827,60.667,20.18,69.333,3.202,70.667,3.085,70.333,3.344,62,18.887,69,3.819,69.667,3.568,70,3.744
vrc4375,68,20.122,74.667,2.68,75.333,2.534,74.333,2.656,66,19.203,72.667,2.915,74,2.872,72.333,3.166,68.333,20.393,71.667,3.535,73,3.382,72.667,3.554,64.667,18.742,75.667,4.083,73.333,3.831,73,4.117
XSEngine,65.333,109.391,66,9.871,72.333,2.497,75,2.631,63.333,98.89,68,7.374,72.333,3.004,71.333,2.957,65.667,58.738,66.333,7.93,71.333,3.56,71.667,3.488,66,98.257,67.667,7.889,71.667,3.92,72.333,3.947
