,,,DivSampCA,,SamplingCA(k=100),,SamplingCA(k=150),,SamplingCA(k=200),,YASA(m =1),,YASA(m =3),,YASA(m =5),,YASA(m =10),,ICPL,,Chvatal,
Instance,Options,Constraints,avg. size,avg. time(s),avg. size,avg. time(s),avg. size,avg. time(s),avg. size,avg. time(s),avg. size,avg. time(s),avg. size,avg. time(s),avg. size,avg. time(s),avg. size,avg. time(s),avg. size,avg. time(s),avg. size,avg. time (s)
aaed2000,1284,50512,87,5.22,142,10.36,136,14.964,131.9,19.217,102.4,5.23,91.2,9.38,91.7,11.6,91.2,29.8,94.6,57.83,93.7,1062.97
adder,1272,3201,64.8,4.12,108.5,7.97,104.7,11.557,100.9,14.769,76.2,4.69,69.8,8.08,67.8,9.57,66,25.91,72.2,66.41,72,998.39
adderII,1276,3206,65,3.45,107.9,7.9,103.9,11.565,101.1,14.881,78.5,5.15,70.5,8.2,68.3,9.75,67.2,23.83,71.7,57.33,72.3,1019.89
aeb,1213,3767,61.8,4.19,104.2,6.99,100.5,10.174,97.2,12.995,70.2,5.2,65.8,7.45,64.5,8.69,65.7,22.35,68.8,45.48,69.5,891.13
aim711,1264,3873,65.4,4.86,109.5,7.93,104.2,11.398,103.4,14.934,76.2,5.39,69.8,8.16,68.3,9.48,68.6,24.56,72.2,51.96,70.4,1019.43
aki3068net,1207,3080,64.2,3.17,107.8,7.16,104.4,10.358,100.7,13.342,75.2,5.2,69.9,7.74,67.8,8.95,66.2,23.09,71.3,45.18,72.6,973.1
am31_sim,1165,2968,61,3.09,100,6.23,95,8.872,91.5,11.482,69.9,5.03,63.7,7.14,62.3,8.34,64.9,21.12,67.7,42.7,63,767.85
asb,1231,3081,61,4.41,103.4,7.1,99.3,10.235,96.4,13.295,69.7,5.55,65.1,7.74,64.3,9.06,61.1,23.04,66.6,50.91,67.6,954.09
asb2305,1242,3101,61,3.53,102.5,7.17,98.3,10.295,95,13.298,70.4,5.53,64.2,7.68,63.5,9.1,64.8,25.02,66.7,70.26,66.7,1032.54
assabet,1266,3883,61,4.71,104.2,7.57,99.7,10.776,98.2,14.216,69.2,5.44,65.5,7.75,63.5,9.09,62.4,24.29,69.3,88,64.3,1051.46
at91sam7sek,1296,3921,61.8,4.17,104.7,8,99.9,11.283,97.8,14.713,70,5.64,66.6,8.09,64,9.43,62.4,25.44,68.4,53.48,65.6,1140.76
at91sam7xek,1319,3963,65.4,4.42,109.7,8.71,106.2,12.383,102.7,16.082,77.7,5.88,70.6,8.59,68.5,10.06,68.8,24.87,71.6,95.03,72,1136.75
atlas_mips32_4kc,1216,3078,64.8,4.11,107.8,7.39,102.9,10.372,103.2,13.881,75,5.44,68.7,7.65,68,9.06,67,22.4,71.1,86,72.3,1066.71
atlas_mips64_5kc,1209,3066,65.6,5.15,108.4,7.35,104.1,10.387,100.4,13.364,75.8,5.29,68.8,7.74,68.1,9.01,67.8,22.59,71.7,54.37,74.5,793.2
brutus,1221,3754,61,3.67,102.2,7.06,96.3,9.805,94.5,12.848,70.8,5.1,66.3,7.4,63.9,8.71,59.9,21.26,65.8,48.12,68.3,724.71
buildroot,565,1164,19.6,0.97,30.4,0.56,29.2,0.826,29.2,1.112,19.1,2.24,18.6,1.94,18.9,2.25,18.5,6.91,55,8.06,52,54.77
busybox_1_28_0,998,962,35.8,3.58,57.6,2.92,56.6,4.197,56.8,5.673,44.1,4.73,38.1,6.17,37.4,6.69,37,17.93,51.2,40.81,58,291.6
calm16_ceb,1173,2990,60,3.31,101.2,6.59,97.4,9.161,94.3,11.902,71.1,5.09,64.5,7.21,63.5,8.27,63.2,24.05,67.3,44.51,65.6,700.71
calm32_ceb,1173,2990,60,4.19,102.1,6.57,96.4,9.109,94.5,11.936,69.2,5.08,64.7,7.33,63.8,8.31,62.1,21.61,66.8,44.17,68.6,771.49
ceb_v850,1189,3025,59.8,3.01,100.9,6.69,97.4,9.398,93.4,12.133,69.9,4.99,64.3,7.35,63,8.39,63.4,22.32,67.3,45.17,68,696.09
cerf,1276,3910,65.6,4.4,111.8,8.36,107.9,11.826,103.5,15.181,78.9,5.56,71.2,8.28,69.3,9.78,68.5,24.25,73,53.78,71,967.39
cerfpda,1291,3940,65.4,3.4,113.6,8.51,108.2,12.16,102.5,15.404,81.3,5.82,71.1,8.52,68.6,9.88,68.3,24.88,74,56.64,74.4,1018.74
cma230,1212,3739,59.6,4.83,101.3,6.81,97.4,9.74,95.3,12.801,69.8,5.14,64.7,7.46,62.7,8.61,61.5,22.58,65.9,45.65,66.6,759.17
cma28x,1204,3051,59.8,4.01,100.4,6.7,96.5,9.583,94,12.419,71.1,5.26,64.6,7.53,63.4,8.6,60,24.74,66.1,44.08,66,750.62
cme555,1266,3167,61.6,6.3,101.1,7.39,98.2,10.681,94.6,13.799,70.5,5.73,64.1,8,63.5,9.47,63.9,23.79,67,53.31,65.8,850.6
cq7708,1238,49770,75.8,4.58,121.8,8.53,116,11.962,113.9,15.685,87.3,5.72,80.1,8.1,79.1,9.72,78,25.14,84,51.38,83,887.6
cq7750,1267,3173,63.8,5.38,106.7,7.78,101.4,10.997,97.8,14.218,74.5,5.64,68.7,8.02,66.6,9.43,69.7,24.98,70,51.44,71.2,843.14
csb281,1233,3114,68,4.04,111.6,7.86,108.4,11.223,105,14.532,81.3,5.58,74.5,8.22,71.9,9.98,69.6,23.66,76.6,51.91,75.9,790.38
dreamcast,1252,3168,69.2,3.62,113.9,8.2,107.3,11.361,105.6,14.995,83.5,5.61,74.5,8.18,72.4,9.55,70,23.66,75.3,52.07,74.7,906.92
e7t,1266,3816,65.8,4.73,109.3,8.06,105.6,11.384,102,14.832,80.1,5.72,72.1,8.39,69.9,9.81,68.7,23.7,73.5,52.5,74,1187.82
ea2468,1395,4138,65.2,4.88,109.5,9.55,105.3,13.519,102.6,17.664,77.1,5.81,69.5,8.71,68.2,10.24,66.9,26.85,72.5,62.76,72.6,1220.44
eb40,1240,3816,61.4,3.4,101.5,7.26,98.3,10.274,96.5,13.555,68.9,5.21,65.3,7.65,65.1,9.02,64.7,23.25,67.8,48.86,67.3,773.68
eb40a,1241,3817,61.6,4.55,102.3,7.29,99,10.347,96.2,13.561,71.1,5.34,65,7.67,63.3,8.89,63.3,22.72,66.5,52.2,66.7,800.3
eb42,1234,3779,60.2,3.23,103,7.28,96.3,9.991,95.5,13.3,70.1,5.41,64.3,7.64,63.4,8.85,62.5,25.02,65.7,51.46,66.3,786.4
eb55,1270,3882,61.4,3.59,104.7,7.74,100,10.905,97.3,14.317,70.5,5.64,65,7.93,63.9,9.22,60.5,23.52,66.8,54.12,67.2,873.25
ebsa285,1245,3832,67.4,3.86,114.8,8.22,110.4,11.602,107.1,15.16,81.7,5.79,74,8.41,72.7,9.78,70.9,24.08,75.7,55.21,72.4,895.38
ec555,1267,3169,61.2,4.01,102,7.58,98.6,10.698,93.9,13.823,70.4,5.47,64.6,7.98,63.9,9.44,61.9,24.06,67.2,51.81,67.1,993.15
ecos-icse11,1244,3146,65.2,3.4,108.6,7.63,103.6,10.742,99.5,13.863,74.3,5.42,69.4,7.92,68.4,9.5,66.2,24.19,70.5,49.9,70,734.56
edb7xxx,1246,3812,66,3.5,108.3,7.73,103.7,10.871,100.8,14.261,77.6,5.53,70.6,8.1,68.2,9.27,67.2,23.41,71.9,51.77,74,813.03
edosk2674,1194,3034,64.8,3.1,107.1,7.07,103.7,10.105,98.1,12.863,76.9,5.22,69.3,7.58,67.4,8.89,68.2,22.63,70.5,45.12,69.3,665.91
excalibur_arm9,1233,50538,77.6,5.09,125.7,8.77,119.5,12.156,114.6,15.579,88.2,5.65,83,8.34,80.5,10.08,83.7,24.46,82.5,81.77,82.4,838.2
fads,1187,3008,58.8,4.27,99.1,6.52,95.4,9.235,93.7,11.971,70.2,5.06,63.4,7.3,63.6,8.51,64.3,23.72,66,72.23,67.6,725.68
flexanet,1265,3883,66.4,6.32,110.7,8.25,106.9,11.566,103.6,14.859,77.2,5.72,70.2,8.29,68.5,9.56,70,25.21,73.1,52.86,73.7,945.78
freebsd-icse11,1396,62183,73,15.52,120.8,10.63,116.5,15.09,114.8,19.673,91.8,32.47,80.6,37.2,78.2,42.59,76.3,87.59,80.4,78.43,83.2,1463.45
frv400,1238,3096,64.8,3.95,107.5,7.68,104.2,10.836,100.5,13.903,75.8,5.52,69.3,8.09,68.7,9.33,68.9,24.49,70.4,49.94,68.8,795.26
gps4020,1213,3743,61.4,3.9,103.2,7.05,98,9.823,95.4,12.641,71.7,5.22,64.3,7.46,62.7,8.65,62.3,23.35,66.3,44.21,68.3,750.44
grg,1241,3792,64.8,4.66,107.2,7.73,102.6,10.769,99.5,13.786,76.5,5.42,69.8,7.91,67.1,9.14,67.9,27.59,70.6,48.68,70.7,837.43
h8300h_sim,1182,3001,60.4,3.51,98.7,6.45,95.3,9.149,93.2,11.808,69.3,4.98,64.4,7.22,62.6,8.45,59.9,17.34,64.9,40.83,64.3,685.76
h8max,1202,3072,64.4,3.24,107.9,7.3,104.1,10.258,100.5,13.115,76.2,5.26,70,7.73,67.8,9.03,67.4,24.41,71.6,44.76,72.5,777.91
h8s_sim,1183,3003,60,3.61,99.8,6.57,95.1,9.161,93.6,11.859,69.2,5.07,64.1,7.16,62.6,8.33,58.1,22.38,66.2,40.91,68.7,762.32
hs7729pci,1298,49911,85.2,5.21,140.7,10.76,135.5,15.166,131.2,19.393,81.8,5.62,74.3,8.03,73.4,9.42,73.1,23.34,75.9,50.18,76.3,982.63
innovator,1256,50452,84,4.27,142.5,10.21,135.8,14.262,131.2,18.267,103.5,6.08,92.1,9.17,89.2,10.9,90.7,28.3,90.6,52.71,91.4,898.14
integrator_arm7,1259,3939,65.2,5.14,107.7,7.89,105.11,11.294,102.3,14.572,76.2,5.69,71.7,8.07,68.3,9.6,69.9,23.79,71.4,50.9,70.6,852.11
integrator_arm9,1267,50606,77.8,5.81,122.4,9,118.5,12.767,114.9,16.414,91.8,5.94,84,8.66,84,10.32,80.5,25.35,86.3,51.99,86.5,862.33
ipaq,1258,3868,61,3.01,104,7.58,98.8,10.577,97.5,13.85,72.5,5.36,65.3,7.7,64.3,9.14,63.5,23.12,67.5,48.11,65,890.13
iq80310,1258,3821,65.4,4.13,106.8,7.84,102.3,10.97,99.6,14.161,74.8,5.43,68.8,7.99,67.6,9.46,66.1,23.97,71.2,50.12,70.7,846.15
iq80321,1256,3820,64.8,3.97,106.3,7.72,103.1,11.059,100.1,14.184,75.8,5.46,68.6,9.59,67.5,9.45,68.2,23.78,72.4,51.07,70.8,830.57
ixdp425,1247,3799,64.8,6.01,105.1,7.61,102.3,10.766,100.7,14.032,74.5,5.48,69.1,10.06,67.9,9.39,66.5,26.8,70,48.83,70.8,796.85
jmr3904,1199,3035,61,3.28,101.5,6.77,98.3,9.679,95,12.286,71.3,5.1,65.2,9.32,64.5,8.61,65,21.76,66.4,42.48,66.6,801.57
jtst,1241,3818,61.4,4.05,102.8,7.37,97.9,10.252,96.5,13.278,70.8,5.33,65.1,9.86,63.2,8.97,61.3,22.99,68.2,46.37,69.7,917.54
linux,1232,3154,70.2,5.46,115.7,8.16,110.9,11.366,106.8,14.487,83.5,5.71,75.2,10.29,73.9,9.61,72.8,24.5,76,47.99,75,847.75
lpcmt,1249,3824,62,3.63,103.1,7.55,96.7,10.295,96.7,13.592,69.9,5.39,65.3,9.49,62.9,9.06,62.3,23.56,67.6,47.7,66,867.06
m5272c3,1323,3297,68,4.04,112.4,9.61,108.4,12.72,105.9,16.339,67.7,5.22,62.5,9.2,62.4,8.53,61.7,22.29,67.1,46.34,63.6,1295.75
mac7100evb,1234,3770,60.8,3.58,100.7,8.38,97.9,10.111,95.2,13.027,70.5,5.16,64.2,9.54,63.3,8.86,61.3,22.48,64.9,44.57,66.3,812.01
mace1,1234,3770,60,4.63,100.6,8.57,97,10.072,95.8,13.112,71.3,5.1,63.1,9.56,63.2,8.97,60,26.75,67.6,45.91,65,810.59
malta_mips32_4kc,1232,3213,65.2,4.78,110.9,9.06,105.3,10.799,102.2,13.946,76,5.34,70.4,9.95,69.5,9.47,66.8,26.17,72.2,48.46,71,834.57
malta_mips64_5kc,1232,3212,65.2,3.23,110.1,9,105,10.838,102.8,13.969,77.8,5.49,70.1,10.01,68.5,9.39,68.1,24.6,73.1,48.91,73,873.85
mb93091,1250,3131,64,3.96,107.8,9.19,103,10.899,101.3,14.233,76.6,5.44,67.5,10.32,67.3,9.42,67.4,24.5,71.4,47.82,70.7,1042.69
mb93093,1230,3083,65.4,4.79,105.3,8.75,102.5,10.564,99.1,13.53,74.8,5.57,69.8,9.8,67.7,9.24,67.4,23.3,71.7,46.41,71.7,983.41
mbx,1295,3218,64.2,6.58,109.2,9.89,101.8,11.576,100,14.945,76.4,5.88,69.3,10.75,68.6,10.07,68.1,25.2,71.7,52.35,71,1043.94
mcb2100,1249,3824,61,3.55,103.4,8.84,98.1,10.319,96.7,13.496,71.9,5.33,65.4,9.91,63.5,8.99,63.8,23.41,67.1,47.09,66.5,985.83
moab,1277,3249,68.2,3.91,113.7,10.28,109.4,12.006,105.4,15.344,80.2,5.59,72.8,11.05,71.4,10,73.5,26.52,73.5,50.74,72,1111.61
mpc50,1213,3728,60.2,4.96,100.8,8.24,96.9,9.753,94.8,12.568,70,5.07,63.8,9,63.3,8.6,61.3,22.63,66.9,44.28,66,940.41
nano,1265,3870,70,5.17,117,10.25,110.8,11.995,107.5,15.402,85.8,5.85,76.3,9.6,73,10.1,72.1,25.85,77.6,49.59,78.5,1166.03
npwr,1258,3822,64.2,3.85,108.3,9.32,102.4,11.038,100.9,14.349,75.3,5.56,69.2,8.9,66.8,9.46,68.3,24.83,70.6,48.7,71.6,1125.95
ocelot,1266,3141,62.8,5.7,107.5,8.11,104.1,11.26,100.7,14.453,77.5,5.66,69.4,9.06,69,9.68,67.5,27.61,72,52.27,74.5,1096.3
olpce2294,1274,3881,65.4,5.26,108.9,8.15,105.5,11.503,102.1,14.882,76.6,5.75,70.8,9.16,69,9.79,68.2,21.52,73.2,49.45,70,1101.92
olpch2294,1261,3851,60.8,3.64,101.6,7.51,99,10.646,96.3,13.76,70.1,5.4,65.1,9.12,63.9,9.21,64,26.13,67.9,48.08,66.7,971.36
olpcl2294,1273,3878,66.4,3.98,111.3,8.3,105.4,11.528,103.3,14.96,75.9,5.67,70.6,10.12,69.4,9.64,71,24.21,71.1,48.44,72,972.22
p2106,1249,3824,61.2,3.48,102.2,7.37,99.9,10.588,97.4,13.59,69.7,5.37,65.2,9.23,63.3,9.1,61.8,23.25,67.1,46.6,66.5,876.77
pati,1248,3266,61.4,3.46,102.4,7.48,98.3,10.409,94.8,13.334,70.3,5.19,64.4,9.29,63.3,9.24,62.3,27.12,66.9,45.9,66,888.95
pc_i82544,1259,3179,65.8,4.05,112.2,8.2,107.8,11.495,104.1,14.745,77.7,5.55,71.1,9.39,69.5,9.7,68.7,18.9,71.9,50.54,72.5,899.44
pc_i82559,1259,3179,66.2,3.45,113.4,8.2,108.2,11.609,104.9,14.897,78.9,5.56,69.9,8.96,69,9.69,66.7,25.59,73.8,52.15,73.7,897.76
pc_rltk8139,1257,3179,67.6,3.43,116.5,8.48,112.44,12.062,107.9,15.288,80.7,5.72,74.2,9.35,73.2,10.05,70.3,24.88,77.4,48.99,77.5,835.67
pc_usb_d12,1281,3231,61.4,4.57,107.5,8.12,103,11.444,100,14.689,69.4,5.72,64.7,8.82,64.9,9.39,65,23.9,69,48.5,68,951.26
pc_vmWare,1255,3174,66,5.04,109.8,8,106,11.312,103,14.509,76,5.5,69.1,8.66,68.3,9.45,68.1,25.85,71.9,48.86,70.5,873.51
phycore,1274,3852,61.8,3.87,103.6,7.79,101.5,11.18,97.5,14.119,70.1,5.58,65,8.66,63.8,9.46,66.8,24.66,68.2,48,65.2,908.43
phycore229x,1360,4026,64.6,4.21,110.7,9.27,107.1,13.161,103.3,16.81,77.7,6.03,70.4,9.75,69.2,10.25,69,26.6,73.4,56.98,73.9,1212.78
picasso,1248,3808,63.4,5.82,106.3,7.63,103.2,10.904,100.3,14.049,75.1,5.51,68.5,9.1,67.2,9.36,69.5,23.28,70.5,47.63,70.4,834.21
pid,1229,3778,61,4.71,101.8,7.15,98.1,10.068,95.5,13.069,69.9,5.35,63.4,8.3,63,8.86,61.9,24.47,67.6,47.13,66.5,777.38
prpmc1100,1223,3754,60.2,3.38,102.5,7.13,98.3,10.033,95,12.791,70.8,5.21,65.1,8.23,63,8.68,63.9,22.31,65.6,44.66,66.7,772.45
psim,1181,2995,60.6,3.56,99.5,6.5,96.2,9.206,93.5,11.788,70.7,5.06,65,7.69,63.2,8.42,61.7,21.99,65.7,40.22,66.5,683.96
rattler,1311,3245,69.6,4.47,115.1,9.13,110.3,12.781,107.3,16.439,83.1,6.17,73.3,9.89,72.6,10.83,74.7,27.15,75.8,55.9,76,1061.64
ref4955,1218,3099,59.8,4.43,101.4,6.99,99.1,10.04,94.3,12.617,71.2,5.22,64.9,8.32,63.3,8.69,63.8,22.67,67.2,45.01,65,968.26
refidt334,1263,3140,68.8,4.91,112.2,8.33,108.3,11.734,107.4,15.329,83.1,6.13,75,9.6,73.7,10.15,73.5,25.28,75.2,50.1,75,1080.6
sa1100mm,1222,3760,60.6,4,102.7,7.16,97.4,9.971,94.3,12.691,69.2,5.21,64,8.28,63.9,8.73,66.9,27.36,67.6,44.79,71,1002.87
sam7ex256,1332,3989,66.2,3.92,110.9,8.94,104.9,12.461,103.5,16.207,77.3,5.82,69.6,9.16,68.8,10.14,69.3,22.89,71.8,54.35,70.8,1289.82
se7751,1295,3254,70.4,4.08,118.7,9.13,113.4,12.759,110.9,16.444,84.9,6.04,76.9,9.72,75.1,10.37,72.6,26.11,79,55.4,79,1326.56
sh4_202_md,1258,3196,71.4,4.18,114.2,8.36,112.3,11.978,108.6,15.311,83.7,5.7,75.1,9.33,74.1,9.91,72.6,24.83,77.1,51.06,78,1136.16
sh7708,1253,49851,76,3.88,123.2,8.9,119.2,12.557,115.3,16.036,87.2,5.98,80.5,9.91,79.7,9.64,80.3,26.9,83.1,50,82,1097.55
skmb91302,1217,3052,61.2,3.21,100.5,6.97,99.2,9.98,94.6,12.608,69.9,5.36,64.3,8.36,63.7,8.93,62.9,22.1,67.8,43.79,66.5,943.59
sleb,1188,3009,60,3.11,99.4,6.58,95.3,9.236,93.9,11.997,68.2,5.11,64.7,8.03,62.3,8.42,62.7,22.09,65.5,40.73,68,809.7
smdk2410,1265,50468,78,4.45,130.1,9.46,122.8,13.121,119.5,16.863,89.5,5.95,83.1,9.92,80.3,10.26,80.9,25.85,83.8,51.57,85.5,1017.42
snds,1218,3748,63.6,3.98,106.6,7.36,101.6,10.292,100,13.316,72.6,5.16,67.8,8.46,66.5,8.96,64.4,22.46,69.9,46.44,72,979.31
sparc_erc32,1168,2972,60.2,3.2,99.7,6.34,95,8.932,92.5,11.487,70.3,4.95,64.9,8.05,63.4,8.35,63.9,16.53,65.3,40.09,64.6,885.35
sparc_leon,1168,2972,59.4,2.99,98.9,6.31,95.8,8.988,93.9,11.627,69.1,5.24,63.3,7.86,62.8,8.13,62.4,23.19,65.4,41.4,64,813.43
sparclite_sim,1168,2972,59.6,3.7,99,6.36,95.3,8.915,92.8,11.518,69.8,5.04,64.5,8.09,62.4,8.22,61.1,25.26,67.2,40.26,65.5,847.04
stb,1252,3146,61.2,4.01,102.9,7.42,98.9,10.548,96.3,13.594,70.5,5.46,65.9,8.89,64.3,9.3,62.5,24.42,67.4,48.44,65,961.23
stdeval1,1190,3049,62,4.05,103.9,6.89,98.9,9.631,96.6,12.429,71.5,5.16,64.8,8,64.5,8.5,63.7,22.22,67.3,43.07,68.8,861.16
stm3210e_eval,1269,3200,61.4,4.09,103.7,7.71,98.3,10.777,96.3,13.926,70.6,5.4,64.5,8.7,64.4,9.31,63.6,24.59,66.9,47.09,64.5,1033.71
toybox,544,1020,13.6,0.05,16.2,0.24,16.5,0.351,15.8,0.444,15,1.23,14.1,0.3,13.6,0.29,14,0.75,16.6,1.28,21,85.02
ts1000,1297,3218,65.6,4.74,109.2,8.44,104.4,11.829,101.2,15.217,76.6,5.93,69.1,9.58,69.2,10.04,68.7,25.99,71.1,52.81,70.5,1056.26
ts6,1240,3235,65,4.22,108.4,7.68,103.6,10.866,99.5,13.819,76,5.43,68.8,8.76,68.2,9.48,68.4,25.71,72.5,51.11,69,955.62
tx39_sim,1179,2988,59,4.01,99.7,6.47,95.6,9.136,92,11.663,69.4,4.97,63.3,7.82,62.7,8.36,58.1,20.19,65.9,40.87,66.7,897.56
uE250,1249,3810,64.6,4.39,106.1,7.7,102.1,10.797,98.7,13.844,75.7,5.46,69.5,8.53,67,9.3,68.7,23.01,70.8,47.65,71.5,1098.54
vads,1240,3235,64.4,5.86,108,7.7,103.8,10.877,101.1,13.927,76.5,5.51,68.6,9,68.7,9.41,68.9,23.74,71.5,49.42,69,1110.6
viper,1301,3230,65,5,108.1,8.49,103.7,11.894,100.1,15.188,77.8,6.09,70.6,9.4,68.7,10.11,66.7,25.12,71.7,53.13,70,1254.215
vrc4373,1247,3104,60.6,5.39,103.3,7.47,98.2,10.395,97.2,13.593,71,5.53,65.6,8.44,64,9.15,63.3,23.5,68,49.8,64.3,1111.62
vrc4375,1258,3129,65.4,5.65,109.8,8.05,104.3,11.236,102,14.477,77,5.71,70.3,9.05,69,9.57,69.3,24.4,71.5,50.07,76.5,1155.89
XSEngine,1260,3803,64.4,4.53,106.6,7.65,103.7,11.278,100.1,14.363,73.9,5.51,69,8.92,68.7,9.51,67.6,25.31,70.1,50.33,69.8,1102.77
