Instance,30,,,40,,,50,,,60,,,70,,,80,,,90,,
,DivSampCA,LS-sampling-plus,SamplingCA,DivSampCA,LS-sampling-plus,SamplingCA,DivSampCA,LS-sampling-plus,SamplingCA,DivSampCA,LS-sampling-plus,SamplingCA,DivSampCA,LS-sampling-plus,SamplingCA,DivSampCA,LS-sampling-plus,SamplingCA,DivSampCA,LS-sampling-plus,SamplingCA
aaed2000.cnf,3057226.3,3054785.9,3053188.7,3068229.2,3066806.6,3065905.3,3072863.8,3072008.3,3071553.2,3075050.1,3074428.8,3074218.4,3076184.5,3075697.8,3075611.5,3076791.5,3076506.5,3076443.2,3077104.2,3076922.2,3076911.9
adder.cnf,3026276.2,3024875.3,3023115.1,3034785.1,3033864.6,3033227.2,3037921.6,3037419.3,3037227.2,3039188.8,3038917,3038806.5,3039729.6,3039550.9,3039564.8,3039943.8,3039862.7,3039840.3,3040025.5,3039987,3039976.6
adderII.cnf,3046134.6,3044756.7,3043100.8,3054500.2,3053319.9,3052892.1,3057529.9,3057068.2,3056575.3,3058772.3,3058472.1,3058331,3059282.2,3059142.7,3059112.6,3059498.2,3059412.7,3059405.6,3059578.8,3059542.2,3059533.8
aeb.cnf,2710857.9,2709484.6,2708178.4,2718232.3,2717491.4,2716771.4,2720878.6,2720441.4,2720100.6,2721944,2721686,2721568.8,2722348.4,2722233.8,2722158.8,2722500.7,2722440.5,2722428,2722555.3,2722527.4,2722521.7
aim711.cnf,2973712.3,2971817.3,2970351.7,2982113.5,2981045,2980550.5,2985180.1,2984598.9,2984284.8,2986466.1,2986155.2,2985947.5,2986995.3,2986838.7,2986768.1,2987209.6,2987123.5,2987107.3,2987293.3,2987244.7,2987245.1
aki3068net.cnf,2712926.4,2711923.1,2710116.2,2720536.8,2719708.5,2719562.4,2723444.2,2722904.5,2722795.8,2724620.3,2724390.4,2724209,2725082.7,2724925.7,2724900.2,2725273.6,2725192.1,2725185.4,2725349.9,2725316.1,2725308.4
am31_sim.cnf,2509131.4,2508163.7,2506502.2,2515293.4,2514679.7,2514290.6,2517518.2,2517106.6,2517059.5,2518353.5,2518144.9,2518136.3,2518663.9,2518576,2518546.6,2518774.6,2518736.8,2518720,2518804.6,2518787.1,2518787.6
asb.cnf,2801306,2800138.9,2798727.6,2808444.5,2807527.1,2807070.7,2810931.6,2810402.6,2810233.1,2811872.4,2811546.3,2811534.7,2812201.8,2812081.9,2812037.9,2812335.2,2812275,2812271.8,2812377.8,2812352.8,2812351.1
asb2305.cnf,2832710,2831349.2,2829766.3,2839696.2,2838947.6,2838448.5,2842137.7,2841619.4,2841530.3,2843083,2842893.1,2842799.6,2843455.9,2843343,2843333.1,2843592.2,2843552,2843522.9,2843637.7,2843618.4,2843610
assabet.cnf,2926773.4,2925505.2,2924468,2934535.7,2933820.4,2933274.1,2937324.4,2936896.5,2936768.1,2938417.8,2938124.1,2938098,2938845.4,2938746.6,2938702,2939008.6,2938945,2938938.9,2939069,2939039.2,2939035
at91sam7sek.cnf,3059125.6,3058041.3,3056641.3,3067076.7,3066339.2,3066067.8,3070000.4,3069582,3069220.8,3071156.1,3070889.1,3070850.1,3071618.3,3071491.8,3071441.6,3071795.9,3071725.3,3071713.8,3071858.1,3071830.5,3071824.1
at91sam7xek.cnf,3202791.2,3201172,3199406.9,3211909.4,3210667,3210365.5,3215383.2,3214858.1,3214482.6,3216775.9,3216354,3216244.6,3217327.1,3217122.3,3217079.8,3217556.4,3217458.9,3217434.9,3217647.5,3217598.2,3217585.6
atlas_mips32_4kc.cnf,2752089.1,2750518.5,2748584.3,2759939.2,2758943.1,2758393.4,2762818.9,2762405.4,2762007.5,2764014.7,2763683.1,2763596.8,2764508.4,2764336.1,2764307.2,2764703.9,2764630.4,2764594.9,2764780.2,2764744.3,2764733.8
atlas_mips64_5kc.cnf,2719278.9,2717853.2,2715869.5,2727137.6,2726107.5,2725542.6,2730065.3,2729515.9,2729367.4,2731241.4,2730942.3,2730891.9,2731717.3,2731552.7,2731521.2,2731914,2731848.6,2731828.1,2731993.3,2731959.9,2731955.7
brutus.cnf,2742500.2,2741394.2,2740487.4,2749399.3,2748634.7,2748172.2,2751838.6,2751522.9,2751322.1,2752785.3,2752587.5,2752458.9,2753135.5,2753011.6,2752993.8,2753261.8,2753210.1,2753201.4,2753305.9,2753288.4,2753288
buildroot.cnf,621265.8,621268.9,621269.3,621270,621269.6,621269.9,621270,621269.9,621270,621270,621270,621270,621270,621270,621270,621270,621270,621270,621270,621270,621270
busybox_1_28_0.cnf,1963614,1963987,1963808.5,1964683.7,1964834,1964789.9,1964948.9,1965000.3,1964987.8,1965018.2,1965023,1965022.9,1965023,1965023,1965023,1965023,1965023,1965023,1965023,1965023,1965023
calm16_ceb.cnf,2542712.7,2541300.7,2540318.2,2549133.6,2548409.6,2548012.1,2551423.5,2551006.8,2550821.1,2552323.8,2552080.2,2552074,2552651.5,2552533,2552506.4,2552775.4,2552722.5,2552710.5,2552814.8,2552797.1,2552789.4
calm32_ceb.cnf,2542665.1,2541161.9,2540266.6,2549151.9,2548341.3,2547983.9,2551452.1,2551139.3,2550793.2,2552320.9,2552071.8,2552037.3,2552646.6,2552545.9,2552518.9,2552772.2,2552731.4,2552713.6,2552813.3,2552792.4,2552785
ceb_v850.cnf,2622291.8,2620621.8,2619417.5,2628714.8,2627934.2,2627413.2,2630957.5,2630582.7,2630460.5,2631816.6,2631615.5,2631534.4,2632149.5,2632060.1,2632026.5,2632272.6,2632232.2,2632218.6,2632314.4,2632292.2,2632291.2
cerf.cnf,3009441.5,3007812.9,3005096.6,3018156.1,3016770.9,3016584.8,3021416.2,3020788.8,3020455,3022801.5,3022458.5,3022352.1,3023371.8,3023164.2,3023085.5,3023613.6,3023504.6,3023512.6,3023708.4,3023660,3023640.5
cerfpda.cnf,3081946.1,3080023.5,3078487.1,3091095.4,3089928.7,3089309.6,3094557.4,3093991.2,3093655.9,3095974.2,3095618.1,3095445.9,3096567.4,3096357.2,3096308.8,3096821.6,3096713.9,3096710.7,3096924.1,3096883.5,3096857
cma230.cnf,2707186.1,2706158,2705302.7,2714122.2,2713547.3,2713022.2,2716571.5,2716160.5,2716081.2,2717504.9,2717306.9,2717236.5,2717855.5,2717759.8,2717730.4,2717986.7,2717934.1,2717919.9,2718028.6,2718006.1,2718005.8
cma28x.cnf,2683928.2,2682789.1,2681258.3,2690641.3,2689840.8,2689645.3,2693038.8,2692663.7,2692453.5,2693931.5,2693745.8,2693675.5,2694266.6,2694156.1,2694143.7,2694391.5,2694339,2694334.2,2694429.2,2694414.1,2694408.1
cme555.cnf,2975262.6,2974072.1,2972974.2,2982842.8,2982125.1,2981310.4,2985479.5,2985000.1,2984842.1,2986500.3,2986245.4,2986148.9,2986881.4,2986772,2986750.2,2987020.3,2986956.1,2986964.7,2987062.5,2987045.1,2987037.8
cq7708.cnf,2819031.4,2817291.5,2816228.1,2827619.3,2826835.2,2826246.8,2831028.3,2830394.5,2830196.5,2832544.3,2832140.6,2832020.1,2833278.3,2833046.7,2832961.2,2833589.5,2833465.8,2833425.1,2833731.6,2833667.8,2833646.9
cq7750.cnf,2933076.8,2931465.3,2930256.7,2940668,2939992.1,2939505.4,2943482.3,2943074.7,2942795.4,2944628.1,2944339.8,2944186.4,2945076.4,2944942.1,2944902.8,2945243.9,2945176.2,2945149.3,2945307.7,2945272.8,2945270.3
csb281.cnf,2859400.7,2857122.5,2856086.8,2867958.2,2867161.4,2866264.3,2871178.6,2870620.3,2870377.8,2872508.3,2872168,2872067.8,2873073.5,2872882.8,2872821.6,2873330.3,2873241,2873209.2,2873438.2,2873400,2873387.6
dreamcast.cnf,2893263.3,2891910.2,2890806.5,2902107.1,2901380.8,2900638.6,2905513.8,2905003.3,2904722.4,2906949.8,2906698.1,2906515.5,2907593.6,2907433.6,2907334.5,2907871.6,2907789,2907752.2,2907986.8,2907936.7,2907927.4
e7t.cnf,2984542.1,2982541.9,2980859.1,2993291.8,2992165.7,2991579.4,2996488.6,2995867.7,2995590.2,2997754.6,2997408,2997299,2998273.5,2998072.8,2998059.8,2998473.7,2998375,2998348.9,2998552.6,2998516.8,2998497.5
ea2468.cnf,3430239.4,3429238.6,3426924,3439488.1,3438835.3,3438003.1,3442859.4,3442349,3442157.6,3444267,3443977.5,3443932.4,3444866.2,3444714.1,3444690.2,3445112.5,3445015.5,3445027,3445209.9,3445176.7,3445164.3
eb40.cnf,2833682,2831898.3,2831138.5,2840993.4,2840118.2,2839466.3,2843608.7,2843192,2842919.9,2844673.4,2844448.3,2844284.8,2845078,2844932.8,2844923.7,2845229.2,2845160,2845169,2845277.1,2845248.2,2845244.8
eb40a.cnf,2838228.7,2836780.6,2835729.6,2845758.6,2844835,2844581.8,2848414.6,2847879.7,2847731.3,2849418,2849096.8,2849078.3,2849805.7,2849669.1,2849647.5,2849951,2849896.8,2849870.6,2850000.9,2849975.2,2849967.9
eb42.cnf,2805669.5,2804388,2803127.8,2812660.2,2811764.6,2811666.4,2815154.5,2814711.4,2814585.9,2816143,2815859.9,2815786.7,2816484,2816359.4,2816320.3,2816611.2,2816559.9,2816548.5,2816652.7,2816631.6,2816622.2
eb55.cnf,2960431.7,2959174.5,2957601.5,2968089.7,2967249.5,2966604.2,2970874.2,2970527.2,2970284.4,2971998.7,2971748.3,2971684.5,2972430,2972313.5,2972259.3,2972588.3,2972523.8,2972504.5,2972643.2,2972617.8,2972605.5
ebsa285.cnf,2913762.2,2911831,2910004.7,2922791.6,2921505.6,2920947.5,2926240.3,2925604,2925343.3,2927701.9,2927311.6,2927155.4,2928350.1,2928181.4,2928067.4,2928634.1,2928536.1,2928504.1,2928754.1,2928697.3,2928698.5
ec555.cnf,2980280.9,2978339.4,2977788.3,2987695.1,2986787.3,2986423.5,2990323.7,2989784.4,2989693.4,2991331.6,2991059.1,2991084.5,2991718.3,2991599,2991581,2991861.2,2991805.6,2991782.5,2991906.2,2991880,2991878.2
ecos-icse11.cnf,2897431.3,2895622,2893804.8,2905282,2904199.7,2903753.9,2908239.9,2907629.1,2907465.7,2909437.5,2909088.3,2909009.4,2909928.6,2909759.9,2909717.9,2910131.3,2910044.9,2910035.8,2910206.9,2910166.6,2910158.2
edb7xxx.cnf,2869845,2868323.3,2866922.4,2878041.1,2877361.6,2876637.7,2881071.6,2880547.7,2880384.1,2882309.6,2882021.7,2881900.8,2882817.8,2882652.7,2882630.2,2883020.5,2882949.6,2882938.6,2883103.4,2883068,2883052.9
edosk2674.cnf,2653221.2,2651332.5,2650453.3,2660502.6,2659746.8,2659358.5,2663122,2662662.1,2662369.7,2664220.6,2663958.2,2663872.9,2664648.2,2664509.4,2664473.6,2664825.2,2664763.4,2664734.8,2664890.3,2664852,2664861.7
excalibur_arm9.cnf,2796205.7,2794273.7,2792857.3,2805031.3,2803920.1,2803564.6,2808608.6,2808013.9,2807724.4,2810226.5,2809764.6,2809668.9,2810956.9,2810706.8,2810618.4,2811302.7,2811122,2811091.1,2811457.7,2811352.7,2811338
fads.cnf,2607107.5,2605858.1,2604647.7,2613424.9,2612746.9,2612490.5,2615599.1,2615226.1,2615026.4,2616426,2616234.8,2616140.7,2616739.3,2616648.3,2616617.3,2616843.6,2616808.4,2616789.7,2616875.3,2616859.3,2616853.6
flexanet.cnf,2978930.3,2977643.3,2976346,2987906,2986848.7,2986396.1,2991356.1,2990865.5,2990657.8,2992762.5,2992491.7,2992339.6,2993373.1,2993194.3,2993175,2993634.8,2993561.4,2993528.4,2993742.5,2993697.3,2993689.6
freebsd-icse11.cnf,3752080.2,3752552.3,3751291.6,3760118.8,3760336.5,3759942.3,3763123.6,3763250.5,3763039.3,3764423.1,3764483.5,3764414.5,3765031,3765050.1,3764998.2,3765329,3765319.3,3765308.1,3765478.5,3765470.8,3765461.3
frv400.cnf,2865478.1,2863433.8,2862057,2873258.7,2872202.1,2871546.4,2876014.9,2875489.6,2875359.5,2877190.6,2876903,2876818.6,2877654.8,2877478.2,2877502.8,2877841.1,2877765.4,2877743.1,2877913,2877877.2,2877865
gps4020.cnf,2706851.6,2705320.2,2704160.5,2713847.9,2713013.1,2712418.5,2716295.9,2715871.6,2715645.8,2717267.5,2716980,2716938.4,2717623.9,2717489.9,2717482.8,2717751.1,2717688.5,2717685.5,2717794.8,2717767.6,2717770.7
grg.cnf,2861428.6,2859768.1,2858373.9,2869286.1,2868343.7,2868006.2,2872128,2871623,2871395.8,2873272.8,2873002.6,2872873.2,2873741.3,2873584.1,2873530,2873918.8,2873849.6,2873832.5,2873986.1,2873947.2,2873952
h8300h_sim.cnf,2570433,2569463.3,2568708.5,2576793.7,2576230.5,2575798,2579031.8,2578726.9,2578523.3,2579845.6,2579664.6,2579578.7,2580161.2,2580062.3,2580044.9,2580275.6,2580236.6,2580222.4,2580309.5,2580292.8,2580287
h8max.cnf,2689446.1,2688084.7,2686819.4,2697175.9,2696402.3,2695818.5,2700005.6,2699497.2,2699302.8,2701167.6,2700868.2,2700806.7,2701659,2701510.7,2701477.2,2701867.2,2701798,2701776.7,2701945.5,2701918.5,2701902.1
h8s_sim.cnf,2575047.8,2574246.9,2573153,2581322.4,2580896.9,2580327.3,2583548.2,2583357.1,2583067.8,2584403.4,2584243.2,2584197,2584713.8,2584654.6,2584601.3,2584834.5,2584796.8,2584779.2,2584871.5,2584857.1,2584855.7
hs7729pci.cnf,3128936.8,3127531.5,3125405.7,3140378.1,3139096.2,3138586.8,3145334.7,3144566.8,3144158.8,3147682.8,3147193,3146915.6,3148902.9,3148532,3148390.7,3149566.6,3149338,3149240.8,3149900.3,3149734.6,3149720.5
innovator.cnf,2932132.5,2930328.9,2928381,2942556.7,2941261.7,2940513.7,2947081.8,2946218.8,2946058.2,2949231.8,2948662,2948526.8,2950339.4,2950020,2949855.5,2950919.7,2950696.5,2950641.3,2951233.2,2951076.8,2951035.6
integrator_arm7.cnf,2943220.7,2942408.8,2940150.7,2951826.5,2950802.6,2950482.5,2954949.2,2954380.4,2954294.1,2956224.1,2955970,2955846.6,2956764.4,2956638,2956577.8,2956987.8,2956902.8,2956891.3,2957075,2957036.2,2957029.9
integrator_arm9.cnf,2981761.3,2980158.1,2978239.6,2991708.2,2990487.7,2989998.1,2995620.3,2995023.5,2994678.6,2997357.6,2996859,2996782.7,2998179.6,2997925.9,2997854.8,2998564.8,2998446.1,2998379.1,2998746.4,2998674.5,2998661.4
ipaq.cnf,2885207.8,2883888.8,2882551.6,2893072.6,2892233.5,2891751.5,2895818,2895271,2894999.1,2896854.2,2896539.1,2896427.9,2897243.4,2897103.4,2897059.1,2897390.5,2897321.8,2897308.8,2897442,2897417.3,2897413.8
iq80310.cnf,2947590.8,2945690.2,2944129.3,2955546.8,2954816.1,2954106.1,2958520.2,2957987.6,2957776.5,2959701.1,2959503.6,2959359.1,2960206.1,2960094.3,2960034.9,2960410.6,2960344.9,2960334,2960487.3,2960453.2,2960450.9
iq80321.cnf,2937863.5,2936170.8,2934647.9,2945855,2944783.4,2944245.9,2948787,2948342.6,2947960.4,2949991.3,2949697.1,2949662.9,2950474.8,2950305.8,2950289.7,2950661.6,2950584.7,2950579,2950733.6,2950702.1,2950693
ixdp425.cnf,2890343.8,2888528.5,2887070.2,2898250.6,2897128.1,2896572.5,2901095.8,2900353.3,2900163.9,2902166.4,2901832.7,2901755.9,2902602.6,2902446.8,2902406.6,2902777.1,2902710.3,2902677.7,2902842.4,2902799.4,2902797.9
jmr3904.cnf,2653449.6,2652228.1,2650869.5,2660375.6,2659643.2,2659231.2,2662816.2,2662476.5,2662250.5,2663757.4,2663529.8,2663522.9,2664111.7,2664002.1,2663965.2,2664242.3,2664188.7,2664175.2,2664283.4,2664257,2664254.9
jtst.cnf,2838332.4,2836854,2835162.4,2845604.7,2844869.6,2844271.6,2848334.7,2847814.9,2847675.6,2849389.7,2849117.8,2849058,2849780.5,2849672.6,2849625.5,2849926.8,2849875.1,2849862.3,2849980.8,2849955.4,2849953.5
linux.cnf,2782948.4,2781201.1,2779895.8,2791832.7,2790858.7,2790375.5,2795187.8,2794624.3,2794378.6,2796661.8,2796309.3,2796211.6,2797299.9,2797120.2,2797076.1,2797602.6,2797508.2,2797470.2,2797733.3,2797684.3,2797680.6
lpcmt.cnf,2876406.5,2874986.4,2873584.3,2883666.8,2882752.9,2882411.8,2886299.1,2885940.1,2885668.3,2887326.5,2887077.6,2887034.7,2887716.6,2887617.7,2887552.1,2887862.2,2887804.1,2887792.9,2887913.3,2887886.4,2887884.3
m5272c3.cnf,3262365,3260250.3,3259099.1,3271544.5,3270406.5,3269766.1,3274935.1,3274283.4,3273925.2,3276342.8,3275905,3275797.6,3276941.3,3276733.6,3276700.3,3277184.7,3277073.1,3277057.5,3277288.4,3277236.4,3277225.3
mac7100evb.cnf,2806726,2805401,2804081.8,2813643.5,2812944.9,2812443.7,2816077.5,2815672.1,2815605.6,2817001.1,2816767.1,2816699.1,2817348.5,2817266,2817229.7,2817483.9,2817441.2,2817422.9,2817529.4,2817507.9,2817506.3
mace1.cnf,2806921.1,2805367.8,2804130.2,2813703.3,2813036.7,2812335.8,2816117.2,2815707,2815464.6,2817022.9,2816800.5,2816748.7,2817359.2,2817272.8,2817235.8,2817488.9,2817439,2817421.2,2817531.5,2817513.4,2817499
malta_mips32_4kc.cnf,2824600.1,2822662.5,2821349.8,2832699.2,2831618.6,2831128.6,2835682.5,2835162.6,2834921.3,2836917.4,2836591,2836473.2,2837432.5,2837271.3,2837191.3,2837641.1,2837542.8,2837538.5,2837723.6,2837689.7,2837675.9
malta_mips64_5kc.cnf,2824691.3,2822854.7,2821164.6,2832639.4,2831838.8,2831122.5,2835700.5,2835032.3,2835014.1,2836952.5,2836731.2,2836573.3,2837488,2837386.1,2837277.3,2837715.8,2837639.2,2837632.3,2837803.7,2837762.5,2837768.9
mb93091.cnf,2915426,2914077,2912616.2,2923456.2,2922427.6,2921965.7,2926406.9,2925815.8,2925732.4,2927560.1,2927217.6,2927186.8,2928027.3,2927850.6,2927826.8,2928215.1,2928132.3,2928117.4,2928288.1,2928243,2928249.9
mb93093.cnf,2827653.1,2825990.9,2823628.8,2835154,2834113.9,2833749.4,2837921.7,2837424.8,2837142.2,2839030.6,2838743.2,2838667.3,2839473.2,2839332.2,2839280.7,2839648.5,2839564.3,2839561.7,2839719.4,2839685.9,2839679.1
mbx.cnf,3138970,3136651.5,3135464.3,3147174.6,3146287.5,3145580.2,3150333.9,3149779.8,3149586.1,3151615.3,3151274.9,3151217.6,3152128.1,3151948.2,3151967.3,3152340.7,3152264.3,3152245.5,3152419.1,3152379.1,3152374.4
mcb2100.cnf,2876436.7,2874900.2,2873502.9,2883724.6,2882815.5,2882263.1,2886338,2885886.9,2885639.6,2887344.4,2887092,2887041.5,2887725.7,2887612,2887574.5,2887869,2887805.2,2887800.6,2887915.8,2887892.5,2887882.5
moab.cnf,3047093,3045161.2,3043334.4,3055849.1,3054707,3053956.5,3059190.2,3058428.9,3058160.7,3060591.6,3060134.6,3060172.6,3061211.3,3060979.9,3060918.8,3061466,3061351.2,3061324.8,3061571.2,3061518.4,3061513.7
mpc50.cnf,2709308.6,2708649,2706889.6,2716007.6,2715322.7,2714935.8,2718350.7,2717998.9,2717706.5,2719235.7,2719037.7,2719025.8,2719577.3,2719482.4,2719459.3,2719706,2719664.2,2719650.5,2719744.6,2719725.1,2719724.7
nano.cnf,2999856.9,2998481.3,2996879.6,3009666.8,3008802.8,3008195.1,3013473.4,3012860.7,3012628.4,3015052.8,3014706,3014521.9,3015758,3015585.1,3015458,3016058.5,3015969.7,3015927.2,3016195,3016145.4,3016129
npwr.cnf,2947762.4,2946529,2944877.2,2955934.3,2955001.1,2954640.6,2958882.5,2958464,2958253.6,2960079.3,2959834.6,2959782.1,2960566,2960421.5,2960364.2,2960766.5,2960711.2,2960685.1,2960843.1,2960814.2,2960807.5
ocelot.cnf,2972752.6,2971257.6,2969267.6,2980911.8,2980168.1,2979552.3,2983977.6,2983423.7,2983151.1,2985272.3,2985024.5,2984966.4,2985802.6,2985655.1,2985629.4,2986021.2,2985949.7,2985951.3,2986104,2986075.7,2986056.7
olpce2294.cnf,3023527.2,3022196.5,3019996.9,3032283.8,3031366.8,3030597.4,3035496.6,3034799,3034719.3,3036830.3,3036494.3,3036422.3,3037406.9,3037247.5,3037178.5,3037645.6,3037549.3,3037536.2,3037739.8,3037694.1,3037685.9
olpch2294.cnf,2933992.2,2932238.8,2930838.4,2941405,2940511.5,2939968.3,2944129.4,2943684.4,2943483,2945160.2,2944882,2944825.6,2945562.5,2945407.6,2945380.3,2945710.2,2945641,2945631.1,2945753.5,2945726.2,2945728.1
olpcl2294.cnf,3018827.6,3016987.8,3014920.3,3027527.4,3026473.1,3025963.2,3030757.4,3030136.6,3029880.4,3032109.2,3031721,3031667.9,3032676.5,3032490.3,3032407.7,3032903.7,3032803.3,3032798.6,3032994.7,3032954.4,3032935.7
p2106.cnf,2876430.2,2874964.6,2873717.4,2883825.6,2882978,2882456.1,2886357.8,2885853.3,2885698.8,2887345.1,2887082.3,2886998.6,2887722.2,2887614.3,2887594,2887869.2,2887804.9,2887784,2887915.3,2887897.2,2887881.9
pati.cnf,2889932,2888156.7,2886960.7,2897005.3,2896104.3,2895398.1,2899543.6,2899090.1,2898811.3,2900484.3,2900213.7,2900136.8,2900834.5,2900715.1,2900696.1,2900963.2,2900907.9,2900883.2,2901003.2,2900975.9,2900972.9
pc_i82544.cnf,2963013.1,2960780.5,2959783.3,2971789.9,2970780.5,2970291.6,2975076.9,2974386.4,2974349.8,2976469.8,2976078.8,2976008.2,2977050.1,2976873.8,2976807.6,2977298,2977201,2977172.7,2977395.6,2977349.8,2977329.9
pc_i82559.cnf,2962826.3,2960884.9,2959469.8,2971741.1,2970882.2,2970060.7,2975059.9,2974476.6,2974213.8,2976463.7,2976182.7,2975997.1,2977051.7,2976896.1,2976799.3,2977297.9,2977182.9,2977176.9,2977395.4,2977349.7,2977336.1
pc_rltk8139.cnf,2981606.2,2979847.4,2977567.2,2991103.8,2989703.5,2989131.4,2994805.6,2993988.2,2993742.1,2996343.3,2995888,2995794.7,2997043.5,2996813,2996740.3,2997350,2997220,2997198.4,2997481.5,2997423.4,2997410.3
pc_usb_d12.cnf,3040939.3,3039628.9,3037793.1,3049109.3,3048206.8,3047794.8,3052161.4,3051616.1,3051395.4,3053375.5,3053111.9,3052987.2,3053858.4,3053680.3,3053667,3054045.7,3053959.3,3053960.5,3054113.2,3054080.1,3054069.9
pc_vmWare.cnf,2945524.4,2943876.6,2942209.2,2954021.8,2952999.7,2952407.3,2957172.8,2956532.8,2956360.9,2958475.5,2958123.6,2957967.9,2958996.9,2958844.1,2958752.9,2959207.8,2959114.5,2959101,2959292.2,2959246.6,2959239
phycore.cnf,2995570.5,2994067.1,2993011.4,3003570.8,3002945.2,3002242.7,3006347.5,3005815.3,3005666.9,3007472.2,3007236.7,3007125.4,3007909.8,3007785.3,3007744.4,3008072.9,3008024.4,3008003.4,3008128.7,3008104.6,3008101.5
phycore229x.cnf,3337433.1,3335945.6,3334411.4,3346883.9,3346067.8,3345469.3,3350455.9,3350029.2,3349680.7,3351963,3351604.7,3351613.4,3352597.4,3352456.8,3352382.2,3352863.5,3352774.9,3352753.4,3352970,3352924.8,3352913.8
picasso.cnf,2876621.3,2874743.1,2873363,2884261.2,2883377.7,2882704.3,2887106.7,2886473.9,2886318.5,2888207.7,2887947.9,2887887.4,2888657.4,2888521.9,2888446.7,2888829.5,2888771.9,2888742.6,2888894.6,2888865.7,2888855.2
pid.cnf,2776887.3,2775605.3,2774517.1,2783937.6,2783047,2782646.7,2786375.2,2785987.4,2785798.8,2787336.3,2787139.7,2787026.9,2787711.3,2787600.5,2787565.3,2787848.3,2787794.2,2787793.6,2787893.7,2787874.9,2787865.7
prpmc1100.cnf,2752961.9,2751527.6,2750409.8,2759782.6,2758914.2,2758580.2,2762120,2761786,2761504.9,2763030.1,2762813.7,2762751.2,2763361.6,2763271.6,2763219.1,2763490.3,2763450.6,2763433.1,2763530.2,2763511.2,2763500.6
psim.cnf,2581722.1,2580672.1,2579414.1,2588169.7,2587432.5,2587217.7,2590359,2589970.9,2589792.3,2591168,2591025.2,2590911.8,2591479.9,2591404.5,2591359.7,2591599,2591568.7,2591550.5,2591634.8,2591622.4,2591616
rattler.cnf,3253006.2,3250804.2,3248865.7,3262966.2,3261799.9,3261023.7,3266705.5,3266035.9,3265627.1,3268291.6,3267904.1,3267897.9,3268999.3,3268791.8,3268761.6,3269303.5,3269204.1,3269183.2,3269433.6,3269388.9,3269367
ref4955.cnf,2741751.6,2740182.9,2739426.6,2748726.6,2748037.9,2747371.6,2751250.9,2750794.5,2750639.1,2752230,2752053.3,2751907.8,2752601.5,2752496,2752462.9,2752733.8,2752680,2752673.5,2752778.8,2752755.8,2752753
refidt334.cnf,3006753.4,3004499.6,3003057.1,3016097.1,3014799.6,3014347.7,3019593.4,3018998.5,3018753.3,3021101.3,3020761.3,3020661,3021772.3,3021577,3021588.9,3022070.6,3021973.8,3021948,3022200.1,3022150.3,3022144.1
sa1100mm.cnf,2749369.1,2748195.7,2746973.7,2756334.3,2755688.3,2755118.2,2758816.9,2758347.3,2758170.2,2759753.6,2759495.2,2759438.6,2760090.7,2759977.1,2759946,2760221.4,2760167.6,2760165.5,2760262.8,2760245.2,2760235
sam7ex256.cnf,3236084.6,3234642.4,3233208.3,3245274.5,3244606,3243960.7,3248796.3,3248339.1,3248006.7,3250247.4,3249936.3,3249834.2,3250863.9,3250724.8,3250648.3,3251120.7,3251031.7,3251021.1,3251220.6,3251184.1,3251158.7
se7751.cnf,3096562.6,3095050.4,3092971.6,3106260.3,3105350.8,3104761.7,3110051.2,3109394.5,3109058.1,3111669,3111312.4,3111178.7,3112437.8,3112246.1,3112132,3112774.5,3112663.4,3112635.8,3112923.3,3112859.6,3112867.1
sh4_202_md.cnf,2938237.1,2936479.6,2935336.7,2947359.6,2946411.9,2945807.1,2950912.7,2950315.2,2950155.1,2952417.9,2952043.2,2951818.2,2953103.9,2952903.2,2952817.8,2953403.7,2953309.5,2953280.9,2953532.1,2953472.1,2953457.3
sh7708.cnf,2884642.9,2883399.3,2881867.6,2894020.2,2893036.4,2892368.4,2897818.4,2897047.2,2896760.8,2899498.3,2899020,2898862.8,2900286,2900017.5,2899878.1,2900641.1,2900499.7,2900435.7,2900806.8,2900731.1,2900703
skmb91302.cnf,2744992.9,2743568.9,2742067.7,2751973.5,2750931.3,2750590.5,2754322.8,2753857.1,2753689,2755248.8,2755021.2,2754950.3,2755595.7,2755503.7,2755465.9,2755728.1,2755678.8,2755663,2755771.7,2755746.2,2755744.3
sleb.cnf,2614981.3,2613577.4,2612587.3,2621367.8,2620475,2620016.9,2623542.2,2623113.2,2622923.7,2624371.6,2624172.1,2624128.7,2624679.7,2624585.9,2624567.6,2624793.4,2624739.5,2624745.8,2624828.3,2624815.5,2624812.4
smdk2410.cnf,2946360.8,2944140.8,2943238.7,2955898,2954809.9,2954118.4,2959722,2958917.3,2958795.1,2961499.6,2961088.3,2960886,2962346.4,2962057.9,2961892.8,2962734.5,2962534.7,2962517.3,2962916.9,2962798.8,2962775.9
snds.cnf,2745586.1,2744001,2743575,2752858.3,2751928.5,2751455.7,2755439.4,2755028.9,2754890.8,2756505.1,2756265.9,2756211.4,2756924.1,2756802.3,2756786.7,2757101.6,2757039.7,2757028.7,2757166.6,2757138.5,2757131.4
sparc_erc32.cnf,2525049.7,2523898.3,2522569,2531270.6,2530579,2530090.2,2533364,2532969.8,2532821.2,2534167.9,2534011.4,2533964.1,2534459,2534363.1,2534334.9,2534566.8,2534531.2,2534513.9,2534596.4,2534579.1,2534578
sparc_leon.cnf,2524934,2523824.3,2522417.1,2531320.4,2530589.4,2530185.1,2533400.3,2533036.9,2532823.8,2534171.7,2533948,2533906.8,2534464.3,2534367.5,2534354,2534565.5,2534525.2,2534513.4,2534596.6,2534580.2,2534573.9
sparclite_sim.cnf,2525176.3,2523888.4,2522379,2531264.7,2530481,2530110.7,2533359.1,2532984.3,2532816.1,2534148.5,2533939.6,2533901.4,2534452.3,2534365.1,2534328.1,2534564.3,2534514.5,2534514.6,2534596,2534583.9,2534575.2
stb.cnf,2905041,2903617.7,2901980.4,2912430.1,2911496.3,2910811.7,2915120.1,2914616.6,2914449,2916141,2915813.2,2915755.3,2916533.7,2916398.9,2916359.7,2916687.4,2916620.1,2916614.4,2916741.2,2916718.4,2916715.3
stdeval1.cnf,2622756.1,2621406.3,2620233.2,2629902,2629081.4,2628820.5,2632459.6,2632039.6,2631900.2,2633470.9,2633256,2633169.5,2633844.3,2633698.6,2633696.4,2633984.7,2633923.3,2633914.4,2634035.4,2634012.1,2634004.2
stm3210e_eval.cnf,2992391,2990832.6,2989287.1,2999852.4,2999188.5,2998620.5,3002513.4,3002155.2,3001891,3003548.4,3003302.9,3003189.4,3003933.9,3003816.8,3003793.3,3004079.5,3004026.5,3004009.1,3004131.9,3004109.2,3004102.5
toybox.cnf,256494,256494,256494,256494,256494,256494,256494,256494,256494,256494,256494,256494,256494,256494,256494,256494,256494,256494,256494,256494,256494
ts1000.cnf,3153106.2,3151843.1,3150353.9,3161915.7,3161030.3,3160518.4,3165138.5,3164601.8,3164330.2,3166420,3166081.8,3166013.9,3166951.8,3166832,3166809.6,3167172.3,3167099.9,3167096.6,3167259.5,3167225.9,3167219.6
ts6.cnf,2883047.1,2881609.9,2880304.9,2891207.6,2890363.2,2889894.2,2894228.3,2893841.6,2893452,2895478.4,2895225.6,2895097.4,2896000.2,2895857.2,2895844.3,2896210.9,2896147.9,2896134.9,2896293.1,2896260.3,2896258.7
tx39_sim.cnf,2561364,2560299.2,2558978.5,2567686.3,2567081.9,2566601.9,2569901.9,2569531.8,2569420.9,2570740.3,2570588.9,2570505.4,2571046.5,2570964.6,2570937.1,2571157.7,2571121.2,2571102.3,2571189.8,2571173.4,2571175.3
uClinux-config.cnf,133968067,134001376.1,133996094.6,134024932.6,134033502.1,134032089.4,134036734.6,134038830.2,134038686.7,134039241,134039667.2,134039644.6,134039705.4,134039736.6,134039736.6,134039737,134039737,134039737,134039737,134039737,134039737
uE250.cnf,2880860.9,2879895,2878023.1,2888822.3,2887995.4,2887497.9,2891782.3,2891344,2891044,2892951.4,2892702.9,2892579.3,2893417.5,2893303.1,2893272.9,2893606.3,2893546,2893532.2,2893676.2,2893648.8,2893638.9
vads.cnf,2883178.5,2881568.3,2879797.2,2891298.4,2890308.1,2889802.9,2894282,2893783.1,2893480.4,2895510.2,2895191.5,2895153.1,2896018.6,2895862.2,2895830.6,2896217.2,2896148.8,2896138,2896298.9,2896260.2,2896255.5
viper.cnf,3168545.7,3167205,3164889.3,3177194.1,3175782.6,3175434.3,3180325.2,3179700.6,3179464.5,3181610.9,3181330.2,3181227.7,3182133.5,3181966.1,3181914.9,3182344.8,3182285.2,3182244.4,3182424.4,3182390.6,3182373.8
vrc4373.cnf,2873106.3,2871768,2869886.8,2880477.9,2879566.7,2879126.7,2883033.3,2882629.3,2882357.7,2884039.7,2883793.2,2883693.2,2884408.9,2884294.7,2884248.2,2884557.5,2884493.3,2884484.4,2884603.7,2884577.7,2884576.9
vrc4375.cnf,2955119.3,2953043.2,2951632.4,2963685.6,2962612.9,2962051.6,2966848.3,2966275.1,2966022.5,2968119.4,2967810.3,2967611.9,2968648.3,2968482.7,2968435.2,2968857.9,2968766.1,2968760.8,2968942.5,2968906.4,2968899.6
XSEngine.cnf,2961670.2,2960223.1,2958049.6,2969883.7,2968913.3,2968539.4,2972875.5,2972340.1,2972093.4,2974074.9,2973778.7,2973691.7,2974548.9,2974407.6,2974359.4,2974735.7,2974669.5,2974644.1,2974805.6,2974773.1,2974764
