120 instances t=2,,,,,,,,,,,,,,,,,,,,,,,,,,,,,,,
,DivSampCA,,,,,,,Ls-Sampling-Plus,,,,,,,Baital,,,,,,,PLEDGE,,,,,,,,,
,30,40,50,60,70,80,90,30,40,50,60,70,80,90,30,40,50,60,70,80,90,30,40,50,60,70,80,90,,,
aaed2000,3055529,3067316,3072440,3074895,3076109,3076725,3077084,3054432,3066630,3071621,3074186,3075710,3076497,3076944,3010357,3044385,3057018,3062019,3065022,3069136,3070037,2949982,2998805,3023184,3042730,3053560,3056513,3058601,,,
adder,3026469,3034416,3037726,3039125,3039695,3039927,3040016,3027089,3034737,3037658,3038996,3039649,3039894,3040001,2978411,3010229,3017184,3021216,3027232,3031555,3033474,2936300,2983023,3003609,3011393,3016465,3020961,3023829,,,
adderII,3044634,3053769,3057375,3058711,3059246,3059491,3059581,3043636,3053295,3056875,3058494,3059129,3059432,3059550,3002649,3021993,3041149,3046413,3049004,3052070,3052816,2966035,2993007,3009411,3020076,3027735,3031278,3033386,,,
aeb,2710122,2717506,2720405,2721683,2722249,2722453,2722531,2708276,2717272,2720375,2721742,2722244,2722449,2722533,2650161,2679834,2698743,2708449,2712286,2713898,2716061,2642215,2677625,2693115,2701761,2706673,2708853,2711114,,,
aim711,2973288,2981733,2985063,2986439,2987015,2987224,2987298,2971813,2980796,2984456,2986054,2986813,2987110,2987249,2916358,2939412,2957304,2966941,2969472,2971962,2977528,2771830,2889284,2937034,2951948,2961163,2967698,2970707,,,
aki3068net,2712346,2720262,2723275,2724505,2725049,2725274,2725348,2710741,2719834,2722969,2724394,2724961,2725224,2725342,2577767,2699709,2708178,2713292,2718207,2720655,2721778,2619294,2662427,2688838,2699235,2702906,2705647,2708384,,,
am31_sim,2509249,2515373,2517517,2518320,2518648,2518774,2518804,2509850,2515356,2517527,2518295,2518621,2518749,2518795,2473986,2495318,2505367,2510855,2513069,2514501,2515153,2452146,2476126,2487366,2493812,2497937,2499961,2500896,,,
asb,2801005,2807799,2810581,2811688,2812134,2812303,2812368,2799873,2807670,2810460,2811629,2812097,2812281,2812352,2760398,2790635,2796042,2801349,2804488,2806028,2807060,2743473,2769500,2784374,2790483,2794773,2796965,2798148,,,
asb2305,2832328,2839297,2841882,2843047,2843421,2843574,2843628,2831720,2839202,2841720,2842862,2843317,2843531,2843609,2794901,2816028,2823836,2833723,2836610,2838035,2838948,2729912,2786324,2811731,2821896,2828292,2832376,2834343,,,
assabet,2926978,2934392,2937159,2938342,2938815,2939008,2939070,2927278,2934330,2937059,2938234,2938749,2938960,2939048,2869612,2889279,2911916,2918504,2922665,2928021,2933009,2856281,2887988,2905219,2913821,2918321,2921577,2923603,,,
at91sam7sek,3058616,3066742,3069693,3070989,3071540,3071780,3071848,3057685,3066043,3069443,3070856,3071489,3071742,3071831,3016839,3034802,3047051,3055184,3058380,3063012,3064835,2994567,3025921,3039280,3047387,3051477,3055287,3057570,,,
at91sam7xek,3203109,3211790,3215301,3216661,3217287,3217553,3217647,3200921,3210812,3214698,3216394,3217118,3217427,3217578,3161759,3187708,3200604,3207431,3210256,3210855,3212353,3116512,3154304,3173936,3185814,3191634,3195627,3197348,,,
atlas_mips32_4kc,2752159,2759895,2762881,2764048,2764518,2764713,2764786,2750135,2759162,2762419,2763713,2764341,2764619,2764741,2706561,2734798,2742341,2749469,2752731,2758097,2758973,2680581,2718419,2735033,2742508,2747067,2750293,2753271,,,
atlas_mips64_5kc,2717935,2726594,2729760,2731058,2731615,2731872,2731976,2717969,2725977,2729476,2730869,2731539,2731821,2731952,2658777,2680952,2702311,2707120,2709671,2711882,2720123,2653476,2681994,2695771,2704624,2711356,2714931,2717076,,,
brutus,2741570,2748919,2751570,2752648,2753065,2753239,2753301,2742473,2749143,2751605,2752642,2753066,2753235,2753292,2700056,2726429,2737174,2740166,2742471,2746243,2748192,2660136,2701813,2721140,2730301,2736255,2741063,2743371,,,
buildroot,621270,621270,621270,621270,621270,621270,621270,621269,621270,621270,621270,621270,621270,621270,621109,621237,621237,621238,621238,621238,621238,621036,621207,621225,621226,621226,621226,621226,,,
busybox_1_28_0,1964095,1964877,1965014,1965023,1965023,1965023,1965023,1963983,1964816,1964992,1965023,1965023,1965023,1965023,1956641,1960886,1962156,1963301,1963564,1963818,1963907,1946624,1953402,1956599,1959419,1960219,1960620,1961012,,,
calm16_ceb,2541901,2548962,2551295,2552264,2552636,2552766,2552814,2542371,2548577,2551042,2552119,2552558,2552731,2552795,2512281,2530814,2537422,2541563,2545408,2548043,2549069,2437860,2502455,2520130,2529685,2539088,2541754,2543560,,,
calm32_ceb,2542104,2548664,2551186,2552215,2552594,2552739,2552804,2541162,2548034,2550682,2551967,2552515,2552741,2552800,2511066,2530243,2535981,2540214,2544093,2547341,2547923,2366069,2473682,2512847,2526405,2532786,2537413,2541712,,,
ceb_v850,2622880,2628700,2630986,2631884,2632163,2632281,2632317,2620612,2627535,2630324,2631557,2632031,2632211,2632284,2588088,2610877,2619427,2622834,2625062,2626708,2627931,2564114,2591330,2607148,2613101,2616828,2618437,2619722,,,
cerf,3009958,3018071,3021341,3022737,3023316,3023593,3023697,3007657,3017320,3021032,3022563,3023237,3023523,3023672,2952829,2982173,3002224,3006658,3011990,3014166,3014999,2897508,2953141,2981095,2993726,3001492,3005677,3008395,,,
cerfpda,3081177,3090826,3094270,3095798,3096470,3096786,3096917,3080494,3089831,3093676,3095481,3096317,3096695,3096869,2967872,3030275,3065855,3076232,3081055,3084520,3086739,2973549,3027240,3053150,3067688,3074991,3079125,3081962,,,
cma230,2706466,2713880,2716480,2717459,2717831,2717981,2718026,2705994,2713417,2716213,2717300,2717783,2717960,2718019,2658089,2683784,2696753,2704843,2708870,2710203,2711323,2623857,2659709,2680275,2689521,2695117,2698501,2701541,,,
cma28x,2684160,2690911,2693049,2693927,2694277,2694389,2694428,2682389,2689798,2692561,2693710,2694157,2694331,2694404,2636877,2668884,2677894,2682839,2686854,2688147,2690902,2561249,2637592,2660261,2674056,2680366,2682921,2684852,,,
cme555,2976339,2983205,2985548,2986546,2986875,2987011,2987061,2974251,2982027,2984963,2986235,2986756,2986961,2987041,2918455,2942523,2960350,2968455,2975766,2978656,2980581,2881274,2933676,2952089,2960771,2968407,2972220,2973751,,,
cq7708,2817896,2826842,2830510,2832336,2833160,2833512,2833700,2816859,2826406,2830270,2832061,2832963,2833426,2833650,2781418,2797512,2803853,2808255,2811641,2813459,2818489,2728964,2772347,2789694,2801429,2806655,2810412,2814490,,,
cq7750,2932960,2940428,2943467,2944588,2945064,2945240,2945309,2932341,2940254,2943133,2944365,2944952,2945193,2945276,2898387,2919891,2927088,2932910,2936022,2936980,2939369,2858803,2887855,2900607,2907402,2910173,2912374,2914337,,,
csb281,2858249,2867378,2870901,2872399,2873027,2873304,2873424,2859082,2867262,2870532,2872226,2872996,2873286,2873423,2807982,2830192,2846996,2850084,2856298,2864002,2865770,2766729,2814782,2835464,2843064,2848439,2855162,2857967,,,
dreamcast,2892394,2901665,2905410,2906881,2907552,2907877,2907986,2892676,2901244,2904832,2906600,2907444,2907790,2907932,2848063,2875223,2889177,2895680,2898728,2899913,2901997,2816816,2855986,2870048,2876150,2880571,2882954,2885544,,,
e7t,2984004,2993095,2996402,2997648,2998226,2998459,2998544,2981989,2992201,2995815,2997398,2998096,2998384,2998523,2907284,2958118,2965410,2977417,2985251,2990329,2992158,2911114,2943816,2961668,2970133,2975570,2978756,2980840,,,
ea2468,3432016,3439968,3443215,3444430,3444941,3445144,3445220,3429544,3438941,3442625,3444135,3444820,3445103,3445201,3355373,3394654,3414418,3428450,3434603,3435795,3437669,3355500,3394076,3411652,3421438,3427434,3430255,3432374,,,
eb40,2833160,2840954,2843555,2844657,2845089,2845223,2845276,2832647,2840362,2843212,2844429,2844936,2845159,2845247,2794779,2813736,2827546,2833131,2836032,2839010,2840815,2745271,2781976,2807166,2816288,2825159,2827710,2830858,,,
eb40a,2838188,2845374,2848256,2849364,2849767,2849929,2849993,2837543,2844994,2847949,2849184,2849682,2849896,2849978,2784376,2817284,2829593,2839575,2843214,2843976,2844960,2739613,2786438,2809101,2820632,2826516,2831384,2832707,,,
eb42,2805587,2812394,2814997,2816052,2816464,2816603,2816650,2803916,2811912,2814754,2815913,2816340,2816529,2816617,2768354,2792046,2802353,2806719,2809117,2811105,2811570,2706608,2756868,2776982,2786305,2793978,2798827,2800701,,,
eb55,2959755,2967688,2970615,2971853,2972336,2972558,2972633,2958885,2966968,2970368,2971665,2972258,2972508,2972612,2918557,2937990,2948993,2959514,2963738,2964859,2966225,2881007,2918500,2937776,2948497,2954083,2957693,2960315,,,
ebsa285,2912706,2922217,2925986,2927599,2928326,2928628,2928761,2913529,2922309,2925836,2927425,2928182,2928539,2928703,2867901,2894487,2905608,2911683,2916193,2923215,2924187,2828074,2872140,2892357,2901937,2908093,2911217,2913643,,,
ec555,2979721,2987468,2990190,2991363,2991730,2991872,2991908,2980297,2987356,2990030,2991151,2991621,2991827,2991892,2943680,2967312,2978490,2983422,2985436,2987591,2988458,2896878,2938328,2957755,2967529,2973076,2974972,2976532,,,
ecos-icse11,2896391,2904969,2908127,2909404,2909908,2910107,2910195,2894519,2903951,2907589,2908983,2909668,2909992,2910142,2859924,2884113,2890904,2894179,2897928,2899127,2900751,2831324,2867427,2881449,2888479,2892817,2896118,2898546,,,
edb7xxx,2870531,2878150,2881249,2882413,2882854,2883049,2883113,2866972,2876383,2880291,2881958,2882660,2882955,2883071,2829729,2853079,2860375,2865070,2871421,2875175,2876374,2775227,2820757,2841290,2849714,2861164,2863613,2865984,,,
edosk2674,2653031,2660443,2663100,2664221,2664650,2664831,2664896,2651844,2659717,2662578,2663992,2664579,2664790,2664872,2622953,2639978,2650336,2653757,2657667,2658790,2660400,2551989,2607488,2626454,2637687,2642498,2648689,2650680,,,
excalibur_arm9,2794836,2804457,2808398,2810077,2810831,2811235,2811421,2794550,2803956,2807921,2809896,2810719,2811145,2811348,2757259,2777286,2793970,2802002,2803772,2805620,2806308,2687039,2743390,2770967,2780141,2787328,2791768,2795019,,,
fads,2606927,2613214,2615465,2616350,2616685,2616825,2616867,2605832,2612520,2615212,2616223,2616628,2616793,2616862,2571695,2587910,2603918,2607392,2609748,2611636,2612489,2510105,2565572,2584117,2594840,2601514,2604496,2606453,,,
flexanet,2978659,2987850,2991290,2992706,2993347,2993605,2993732,2978376,2987033,2990684,2992371,2993149,2993493,2993668,2938601,2955165,2966330,2979355,2985363,2987068,2988029,2855225,2920371,2945345,2958170,2967869,2971754,2974566,,,
freebsd-icse11,3753519,3760734,3763501,3764635,3765139,3765388,3765507,3752035,3760102,3763023,3764372,3764999,3765300,3765471,3704728,3730806,3736126,3744293,3747661,3750437,3753597,3675890,3701571,3716482,3721810,3727687,3732213,3734535,,,
frv400,2864150,2872821,2875845,2877131,2877660,2877842,2877915,2862948,2872089,2875391,2876819,2877479,2877772,2877874,2838103,2854028,2861227,2866663,2869182,2872123,2873204,2739523,2817259,2841515,2854898,2860969,2864774,2866488,,,
gps4020,2706851,2713729,2716200,2717197,2717607,2717744,2717794,2705600,2713261,2716000,2717110,2717532,2717706,2717773,2666385,2690089,2695949,2704314,2708389,2709993,2711594,2634149,2663319,2680154,2690911,2695627,2699015,2700570,,,
grg,2860284,2868592,2871794,2873120,2873684,2873908,2873983,2860056,2868694,2871704,2873028,2873624,2873855,2873963,2827638,2849246,2858999,2864640,2866796,2868351,2869201,2693486,2797996,2827637,2839623,2846177,2850632,2852158,,,
h8300h_sim,2570600,2576752,2579012,2579861,2580179,2580279,2580312,2568734,2576137,2578639,2579661,2580058,2580227,2580290,2541916,2551657,2558073,2567474,2570705,2573176,2574684,2444908,2522454,2545954,2558508,2565753,2569637,2571392,,,
h8max,2689738,2696994,2699898,2701119,2701625,2701860,2701946,2688188,2696377,2699637,2700940,2701547,2701814,2701919,2648325,2673866,2682920,2687217,2691194,2695890,2697200,2603878,2641331,2665790,2674660,2679744,2681967,2684221,,,
h8s_sim,2574698,2581025,2583440,2584356,2584688,2584825,2584871,2573687,2580680,2583349,2584227,2584604,2584778,2584848,2545645,2557004,2569718,2575769,2577980,2579835,2580982,2517781,2541768,2558665,2567338,2571072,2573343,2575447,,,
hs7729pci,3128114,3139557,3144773,3147429,3148753,3149474,3149843,3126319,3139439,3144442,3147083,3148580,3149377,3149786,3064126,3093262,3127701,3131735,3135918,3137771,3140822,3042728,3090722,3108677,3121407,3125810,3130109,3132978,,,
innovator,2930840,2942280,2946863,2949109,2950273,2950936,2951230,2930568,2941169,2945991,2948627,2949870,2950644,2951052,2832356,2899164,2911162,2927386,2936980,2940326,2942689,2816775,2883349,2904040,2917456,2922655,2927982,2931441,,,
integrator_arm7,2942614,2951482,2954850,2956180,2956733,2956975,2957074,2942370,2951079,2954485,2955977,2956615,2956903,2957036,2898192,2920521,2935512,2944505,2947219,2948241,2949251,2848541,2900911,2924154,2933422,2938109,2941561,2943841,,,
integrator_arm9,2981856,2991479,2995343,2997069,2998061,2998508,2998724,2980130,2990421,2994645,2996914,2997888,2998409,2998652,2931776,2952086,2970246,2980198,2985540,2988261,2992346,2892035,2938557,2957854,2968162,2973696,2977289,2979700,,,
ipaq,2884265,2892391,2895496,2896697,2897172,2897381,2897440,2883337,2892154,2895278,2896543,2897119,2897333,2897420,2835650,2872225,2885851,2889374,2891163,2892368,2893048,2711438,2815991,2850089,2863550,2873620,2877924,2881747,,,
iq80310,2946883,2955113,2958275,2959624,2960159,2960396,2960484,2944876,2954501,2958036,2959420,2960054,2960350,2960469,2894168,2922688,2937201,2945213,2950511,2953773,2955135,2848931,2901406,2923705,2935182,2944215,2947898,2949713,,,
iq80321,2937261,2945549,2948581,2949873,2950403,2950642,2950726,2935948,2944791,2948157,2949707,2950334,2950603,2950704,2886518,2914125,2925139,2936049,2938670,2942055,2943854,2865753,2903532,2919387,2927563,2931783,2934715,2936347,,,
ixdp425,2889302,2897869,2900898,2902051,2902536,2902744,2902827,2888780,2897261,2900527,2901868,2902429,2902685,2902799,2828875,2853096,2885215,2892799,2894824,2895427,2896552,2809288,2856403,2872712,2882327,2886280,2890418,2892423,,,
jmr3904,2653264,2660020,2662666,2663634,2664042,2664220,2664276,2650783,2659235,2662222,2663466,2663958,2664175,2664252,2609669,2631395,2638262,2640874,2645501,2651815,2655516,2581145,2618265,2632070,2640259,2645956,2648985,2650475,,,
jtst,2837569,2845293,2848271,2849422,2849796,2849931,2849982,2836327,2844723,2847777,2849109,2849653,2849856,2849947,2805104,2826623,2832223,2837197,2842731,2844479,2845900,2760077,2802186,2818332,2827124,2830297,2833678,2835622,,,
linux,2782180,2791539,2794862,2796437,2797217,2797573,2797728,2780801,2790792,2794605,2796399,2797162,2797500,2797671,2714233,2745253,2760897,2778404,2782570,2787837,2790038,2694836,2734325,2754489,2769991,2775835,2779686,2782605,,,
lpcmt,2874697,2882481,2885676,2887037,2887599,2887825,2887902,2875428,2882875,2885962,2887158,2887646,2887838,2887903,2840464,2859161,2865190,2875718,2878841,2881365,2882882,2752342,2826150,2849613,2860185,2865267,2868304,2869938,,,
m5272c3,3261909,3270966,3274579,3276126,3276829,3277136,3277271,3259595,3270141,3274114,3275851,3276678,3277054,3277216,3215240,3239572,3254563,3260907,3265017,3267296,3268537,3129525,3206475,3231931,3243999,3250833,3256289,3259003,,,
mac7100evb,2807156,2813619,2815933,2816954,2817353,2817487,2817533,2804955,2812702,2815534,2816679,2817192,2817408,2817511,2776594,2794825,2800359,2806962,2810028,2811117,2812327,2701342,2766003,2789143,2797470,2803652,2806605,2808726,,,
mace1,2807040,2813696,2816121,2816986,2817345,2817484,2817530,2803749,2812472,2815476,2816676,2817214,2817440,2817518,2762494,2788206,2797813,2805729,2808050,2809552,2810405,2646697,2749358,2776587,2787163,2793332,2801179,2803053,,,
malta_mips32_4kc,2824057,2832094,2835290,2836710,2837333,2837602,2837702,2823007,2831749,2835175,2836643,2837274,2837576,2837698,2675689,2802322,2815419,2820946,2827120,2830481,2832010,2720260,2774843,2792657,2805054,2812526,2817577,2820659,,,
malta_mips64_5kc,2823441,2832202,2835391,2836899,2837469,2837701,2837795,2823026,2831632,2835098,2836604,2837308,2837635,2837764,2774444,2800074,2810101,2822523,2826559,2828218,2830709,2729100,2775402,2797190,2809632,2816900,2821921,2824991,,,
mb93091,2915010,2923210,2926329,2927511,2928008,2928204,2928285,2913964,2922613,2925647,2927105,2927812,2928103,2928243,2859968,2891469,2909364,2913757,2916990,2919728,2922798,2842059,2876870,2892143,2900622,2904269,2906523,2908213,,,
mb93093,2826167,2834307,2837482,2838792,2839374,2839613,2839713,2825980,2834459,2837510,2838766,2839350,2839583,2839679,2767958,2815207,2825657,2830352,2833490,2835786,2836451,2754008,2793723,2809068,2816007,2820687,2822824,2824490,,,
mbx,3137938,3146622,3149956,3151465,3152039,3152308,3152401,3135677,3145574,3149612,3151194,3151948,3152230,3152364,3076383,3118544,3129691,3135343,3139270,3142075,3146715,3011189,3083492,3108724,3123349,3130702,3135920,3138710,,,
mcb2100,2876208,2883438,2886245,2887323,2887717,2887872,2887916,2875298,2882788,2885934,2887128,2887628,2887817,2887890,2839595,2863241,2870754,2877045,2880736,2882151,2882760,2737733,2805555,2837069,2859361,2868108,2871626,2874087,,,
moab,3047623,3055917,3059094,3060636,3061272,3061498,3061588,3044468,3054275,3058314,3060096,3060976,3061390,3061534,3008561,3029064,3039685,3048419,3050184,3052543,3053139,2893230,2977890,3013390,3028346,3037669,3044968,3048412,,,
mpc50,2708654,2715311,2718096,2719161,2719570,2719701,2719742,2708074,2715468,2718079,2719109,2719500,2719653,2719720,2672601,2694998,2702160,2707372,2709949,2713067,2713679,2651547,2680828,2696702,2704036,2708248,2709977,2710952,,,
nano,3000187,3009991,3013517,3015037,3015723,3016059,3016202,2998095,3008395,3012801,3014758,3015620,3015983,3016151,2951813,2979048,2992872,3001100,3004440,3006451,3008491,2873493,2947356,2976406,2989511,2995512,2999375,3001790,,,
npwr,2947314,2955627,2958794,2960021,2960531,2960756,2960839,2945136,2954567,2958152,2959728,2960368,2960705,2960819,2907445,2938835,2946794,2950444,2952677,2954886,2956073,2865489,2909491,2927965,2938127,2943593,2946860,2949209,,,
ocelot,2971190,2980159,2983614,2985014,2985675,2985983,2986096,2971967,2980407,2983784,2985083,2985676,2985937,2986055,2926089,2951642,2964018,2966932,2972312,2975594,2977818,2854840,2924653,2948110,2961278,2968573,2972412,2975143,,,
olpce2294,3022236,3031521,3035267,3036727,3037368,3037622,3037738,3021657,3030848,3034588,3036331,3037153,3037512,3037690,2971220,2992767,3013060,3019149,3024090,3026792,3031597,2948440,2989209,3002570,3010172,3017329,3021171,3023443,,,
olpch2294,2932926,2940868,2943989,2945068,2945516,2945687,2945750,2932253,2940441,2943605,2944808,2945362,2945623,2945724,2876830,2903144,2914417,2924218,2935000,2937245,2939152,2814902,2885372,2901826,2913358,2919397,2925367,2928603,,,
olpcl2294,3018056,3026874,3030435,3031978,3032633,3032903,3032998,3016708,3026386,3030153,3031708,3032440,3032784,3032938,2955515,2993150,3008486,3017591,3021535,3023916,3026675,2922595,2974081,2995860,3005125,3010477,3013279,3015618,,,
p2106,2877250,2883877,2886335,2887337,2887711,2887861,2887912,2875589,2883160,2885937,2887116,2887618,2887822,2887898,2848674,2864626,2870628,2878020,2879960,2881216,2882469,2806120,2838975,2856882,2865999,2871804,2874572,2876751,,,
pati,2889189,2896737,2899454,2900439,2900827,2900961,2901003,2889369,2896655,2899423,2900467,2900819,2900943,2900992,2855917,2878602,2885147,2890601,2892169,2893098,2893782,2790301,2846724,2866902,2876615,2883798,2887195,2889765,,,
pc_i82544,2963352,2971647,2974919,2976338,2976998,2977266,2977382,2961668,2970820,2974453,2976142,2976883,2977216,2977360,2919438,2948313,2957226,2962172,2966792,2968751,2970886,2879376,2915687,2938665,2950970,2956887,2960347,2962043,,,
pc_i82559,2962361,2971269,2974896,2976293,2977011,2977277,2977387,2960380,2970430,2974199,2975950,2976814,2977188,2977349,2922279,2950893,2960794,2965399,2966625,2968575,2970021,2893176,2925055,2940953,2948542,2954612,2958431,2960211,,,
pc_rltk8139,2981129,2990700,2994553,2996233,2997024,2997342,2997475,2980094,2990516,2994483,2996098,2996909,2997272,2997440,2933568,2964198,2971826,2982964,2989483,2991368,2992197,2896760,2929914,2954201,2967319,2973160,2977658,2979915,,,
pc_usb_d12,3040584,3049307,3052136,3053290,3053802,3054014,3054106,3039321,3048081,3051649,3053012,3053665,3053953,3054077,3009534,3031198,3038492,3042953,3045812,3048172,3049142,2960723,3002406,3022737,3033261,3037472,3041104,3042905,,,
pc_vmWare,2944792,2953578,2957006,2958313,2958946,2959180,2959278,2943730,2953367,2956737,2958250,2958894,2959161,2959266,2894168,2921800,2939304,2944044,2947449,2949123,2951716,2848269,2898122,2918897,2932842,2938428,2942398,2945017,,,
phycore,2996076,3003552,3006292,3007463,3007898,3008075,3008129,2994998,3003054,3006034,3007330,3007849,3008051,3008124,2963625,2983970,2992309,2995121,2999013,3000134,3001695,2863388,2920213,2960963,2980023,2984513,2988733,2992173,,,
phycore229x,3339633,3347514,3350698,3352048,3352635,3352876,3352975,3335682,3345915,3349916,3351617,3352417,3352780,3352925,3274853,3297935,3325864,3337439,3341481,3345385,3346551,3234704,3292215,3313121,3323083,3329095,3333839,3337610,,,
picasso,2875612,2883667,2886732,2887958,2888524,2888779,2888872,2873802,2883194,2886415,2887812,2888412,2888718,2888849,2844990,2864842,2875302,2878989,2881638,2882916,2884286,2710521,2814915,2846426,2860525,2867181,2870825,2873016,,,
pid,2777643,2784255,2786507,2787337,2787702,2787845,2787892,2774930,2782901,2785971,2787147,2787619,2787796,2787871,2710005,2751059,2761260,2773779,2777587,2780050,2782029,2666871,2728410,2752905,2764076,2770991,2775252,2777723,,,
prpmc1100,2752296,2759272,2761952,2762943,2763327,2763480,2763529,2751420,2758782,2761493,2762747,2763255,2763447,2763509,2699798,2730612,2740672,2748922,2755339,2756272,2758934,2693690,2717484,2730808,2737896,2743414,2746896,2748422,,,
psim,2581217,2587757,2590226,2591090,2591445,2591585,2591632,2580469,2587332,2589850,2590933,2591370,2591545,2591615,2552622,2573244,2579738,2582234,2585705,2586462,2587898,2521642,2546374,2557271,2569846,2573146,2577240,2578280,,,
rattler,3251714,3262564,3266541,3268119,3268889,3269253,3269423,3250026,3261513,3266027,3267801,3268714,3269151,3269347,3205314,3229218,3240357,3252653,3255750,3256971,3258199,3157349,3205088,3230589,3241888,3246429,3251891,3254524,,,
ref4955,2740889,2748745,2751278,2752177,2752547,2752714,2752771,2740293,2748106,2750941,2752018,2752493,2752697,2752765,2703964,2722239,2734193,2739093,2741012,2747614,2748319,2671986,2701438,2712610,2719698,2723286,2725206,2726845,,,
refidt334,3005886,3015642,3019381,3020989,3021801,3022083,3022211,3005716,3015092,3019142,3020884,3021635,3021998,3022158,2955392,2972636,2988514,2995604,3002910,3009219,3011556,2908221,2960768,2985323,2994886,3001718,3007015,3009470,,,
sa1100mm,2748699,2755816,2758555,2759587,2760038,2760218,2760265,2747508,2754944,2758166,2759501,2759982,2760176,2760247,2716756,2739148,2748278,2752747,2753649,2754736,2755703,2673023,2717962,2732533,2740124,2744508,2747605,2749642,,,
sam7ex256,3236634,3245381,3248785,3250227,3250843,3251117,3251213,3234680,3244469,3248290,3249937,3250703,3251023,3251175,3196040,3216123,3225815,3236456,3241990,3244550,3245944,3144981,3194362,3215999,3224150,3232131,3235743,3237259,,,
se7751,3095795,3105657,3109575,3111419,3112285,3112697,3112889,3095000,3105013,3109223,3111271,3112230,3112665,3112869,3002468,3050857,3069928,3094095,3099023,3103466,3105461,3014845,3054615,3073570,3081604,3087536,3091019,3095391,,,
sh4_202_md,2939319,2947502,2950742,2952377,2953094,2953407,2953532,2936257,2945702,2950014,2951903,2952771,2953229,2953431,2896927,2922833,2933739,2939346,2941289,2944293,2946036,2822047,2883452,2911023,2923964,2933337,2937468,2939594,,,
sh7708,2883113,2893115,2897336,2899163,2900117,2900578,2900772,2883536,2893438,2897223,2899109,2900004,2900475,2900709,2815872,2856260,2866347,2877458,2880486,2888479,2892005,2795290,2834847,2858294,2871005,2877351,2882225,2884653,,,
skmb91302,2744318,2751353,2754098,2755161,2755552,2755716,2755769,2742323,2750593,2753618,2754948,2755437,2755634,2755727,2713305,2731016,2738597,2746123,2748431,2749765,2751375,2661010,2710988,2726948,2735316,2741254,2744205,2746007,,,
sleb,2615115,2621248,2623513,2624372,2624678,2624799,2624829,2612870,2620316,2622889,2624029,2624516,2624718,2624797,2573835,2597180,2601649,2606816,2614597,2615295,2617310,2444941,2545046,2577920,2593224,2601018,2604112,2605691,,,
smdk2410,2944552,2955075,2959023,2961019,2962062,2962568,2962839,2945220,2955000,2959164,2961043,2962017,2962524,2962788,2909343,2931010,2940793,2945149,2948837,2951324,2951951,2842395,2899745,2923836,2934310,2940512,2944457,2946628,,,
snds,2746072,2752924,2755504,2756518,2756942,2757105,2757168,2744503,2752114,2755129,2756320,2756844,2757054,2757141,2702492,2723829,2735451,2746365,2751612,2753606,2754375,2660531,2700544,2720434,2730523,2736442,2739132,2742180,,,
sparc_erc32,2524958,2530936,2533265,2534129,2534464,2534571,2534597,2523302,2530496,2533049,2533957,2534354,2534520,2534577,2462742,2482762,2502292,2515340,2517180,2518327,2521341,2454411,2489047,2504784,2512980,2518472,2522202,2523527,,,
sparc_leon,2525458,2531262,2533391,2534180,2534469,2534576,2534598,2524166,2530841,2533065,2533966,2534330,2534490,2534570,2482524,2506463,2517728,2524961,2526736,2529163,2529625,2451621,2484610,2501308,2510036,2514693,2517746,2519547,,,
sparclite_sim,2524343,2530897,2533222,2534105,2534436,2534552,2534592,2523013,2530179,2532904,2533953,2534372,2534533,2534586,2490051,2508457,2518842,2523328,2529801,2531217,2531510,2473420,2497043,2508097,2514173,2521367,2523594,2524968,,,
stb,2903382,2911556,2914780,2915976,2916453,2916650,2916727,2903162,2911326,2914382,2915774,2916377,2916614,2916708,2852070,2878944,2891963,2900582,2903396,2906196,2908736,2793816,2865104,2883064,2891693,2896695,2898930,2901440,,,
stdeval1,2622078,2629252,2632105,2633306,2633781,2633962,2634025,2621416,2629108,2632009,2633195,2633707,2633916,2633996,2589538,2608078,2618615,2624242,2626203,2627294,2627908,2537149,2581665,2596450,2607010,2615411,2618965,2621328,,,
stm3210e_eval,2991058,2999479,3002301,3003454,3003923,3004092,3004131,2991233,2999397,3002185,3003366,3003878,3004052,3004113,2960980,2978758,2987142,2991700,2995444,2998267,2999087,2916742,2954981,2974301,2983358,2987674,2989833,2991010,,,
toybox,256494,256494,256494,256494,256494,256494,256494,256494,256494,256494,256494,256494,256494,256494,256426,256490,256494,256494,256494,256494,256494,255896,256182,256474,256474,256494,256494,256494,,,
ts1000,3152863,3161386,3164857,3166353,3166952,3167173,3167260,3151362,3160884,3164486,3166166,3166816,3167088,3167211,3105171,3129020,3144062,3150143,3154806,3157431,3160552,3051727,3107489,3127272,3136732,3144034,3146727,3149365,,,
ts6,2882703,2890936,2894036,2895347,2895971,2896215,2896297,2881507,2890348,2893756,2895094,2895784,2896108,2896261,2843698,2863748,2876552,2883310,2885012,2887297,2888307,2804925,2846678,2864371,2874955,2878712,2881928,2883337,,,
tx39_sim,2560932,2567649,2569824,2570686,2571010,2571135,2571183,2560467,2567235,2569643,2570611,2570986,2571120,2571176,2525561,2540229,2552858,2555148,2560310,2563566,2565391,2439832,2518204,2538793,2550672,2556525,2559307,2561597,,,
uE250,2879936,2888395,2891563,2892922,2893427,2893603,2893678,2880415,2888302,2891322,2892661,2893298,2893550,2893640,2838867,2860136,2868698,2872054,2880139,2883645,2886032,2818670,2843795,2859153,2865830,2871002,2873864,2876000,,,
vads,2882236,2890794,2894025,2895374,2895927,2896171,2896282,2881162,2890120,2893646,2895127,2895838,2896115,2896253,2834691,2861638,2875495,2880566,2883172,2885834,2889303,2795457,2838254,2854934,2871169,2875951,2878555,2881863,,,
viper,3167300,3176537,3179979,3181442,3182076,3182320,3182415,3166769,3176208,3179599,3181260,3181926,3182237,3182377,3088058,3140548,3157836,3166135,3171208,3174414,3176993,3046651,3122195,3146014,3157308,3163408,3166755,3169455,,,
vrc4373,2872165,2880009,2882697,2883878,2884346,2884541,2884598,2872408,2879951,2882904,2884001,2884399,2884535,2884594,2807100,2844946,2864619,2873253,2875633,2877489,2878432,2808997,2841950,2854332,2861598,2865658,2867982,2869147,,,
vrc4375,2954178,2963082,2966505,2967952,2968581,2968853,2968942,2954906,2963075,2966440,2967857,2968524,2968802,2968912,2922845,2942891,2951926,2956879,2959402,2962054,2963417,2856759,2908532,2928123,2942788,2947944,2953263,2955081,,,
XSEngine,2961602,2969808,2972714,2973928,2974480,2974703,2974794,2960452,2969139,2972469,2973831,2974403,2974676,2974782,2910255,2938929,2950820,2956376,2958537,2963210,2963674,2799413,2893598,2929012,2943847,2949789,2957586,2959543,,,
,,,,,,,,,,,,,,,,,,,,,,,,,,,,,,,
,,,,,,,,,,,,,,,,,,,,,,,,,,,,,,,
,,,,,,,,,,,,,,,,,,,,,,,,,,,,,,,
120 instances t=3,,,,,,,,,,,,,,,,,,,,,,,,,,,,,,,
,DivSampCA,,,,,,,Ls-Sampling-Plus,,,,,,,Baital,,,,,,,PLEDGE,,,,,,,,,
,30,40,50,60,70,80,90,30,40,50,60,70,80,90,30,40,50,60,70,80,90,30,40,50,60,70,80,90,,,
aaed2000,2289278944,2342324150,2372778414,2392240499,2402999040,2411901990,2421871948,2285616832,2341588471,2374657809,2392446908,2403632527,2411480939,2420751946,2210869841,2298374060,2343835235,2366559212,2384273759,2396097790,2410304179,2080324763,2193586457,2258028313,2305361409,2335901450,2350534890,2370746327,,,
adder,2265727011,2315300000,2343438244,2359706108,2371281434,2377228640,2384537885,2266598635,2315528516,2343129136,2358475854,2369296724,2374721962,2382067443,2179921209,2257488980,2288966633,2310813640,2333501893,2349349254,2367904937,2091154021,2195295726,2252219405,2282280683,2302674222,2318295650,2336669448,,,
adderII,2286329080,2338906701,2367676063,2383333342,2393367528,2400355266,2407691802,2281884529,2337884772,2367170637,2382694133,2392892676,2399595735,2407184497,2212885467,2279038563,2331997821,2356829925,2370055292,2380964926,2391844619,2127589847,2202812352,2253402220,2284617328,2308921105,2323141886,2342074558,,,
aeb,1920082558,1965029868,1986864387,1999646017,2007715843,2013098755,2019409755,1916372571,1963336134,1986064391,2001390117,2009071973,2014306986,2020363062,1829114403,1899981270,1944111959,1968216342,1983819166,1992764746,2007405085,1780156688,1865702943,1909393957,1937605809,1955849945,1966614387,1982949651,,,
aim711,2205020070,2256183740,2283107287,2299518513,2310015233,2316087711,2322832058,2201411828,2252717873,2280744338,2298780222,2308219881,2315354791,2323639202,2110683852,2174165323,2222218618,2250732322,2263537172,2275346036,2298635701,1860605813,2046272536,2150502389,2196536238,2226710462,2248724183,2270725724,,,
aki3068net,1918188946,1964097239,1985851233,1999778467,2008181679,2013384179,2020314897,1914881375,1963171569,1987084474,2001440713,2010507814,2015715348,2021794708,1789551959,1921482805,1949891855,1972476603,1989150205,2001811065,2013404373,1734433486,1836083221,1895633076,1927313910,1944184813,1956529772,1975082164,,,
am31_sim,1714283899,1751358432,1769070225,1779977248,1786535131,1790048561,1796456684,1711873960,1748436774,1765764323,1777214787,1783875261,1788048680,1794521068,1641471951,1700309838,1733376924,1757518164,1769000060,1778122093,1788852587,1603391355,1663527382,1698103377,1719465931,1735423228,1745520838,1756512087,,,
asb,2023089751,2066583438,2089561934,2103149937,2110708186,2116466841,2122224925,2015656263,2062288888,2088292170,2102389894,2109556541,2114552357,2120863243,1944963141,2017894702,2046136746,2068417236,2082321287,2092122815,2107451988,1899534156,1968162241,2011077633,2034612889,2052646047,2063314066,2075676092,,,
asb2305,2053841195,2098205047,2121957986,2136507522,2146009377,2151607160,2158298663,2054982822,2101679742,2124166247,2137147210,2147002891,2152131334,2158361065,1979216019,2051516750,2084782979,2111663835,2125925272,2135552809,2146681338,1841523316,1964700613,2030931172,2066509493,2088120344,2104606032,2123488726,,,
assabet,2162047032,2206987222,2234555024,2247214789,2257636552,2263052747,2269192671,2159080160,2208671877,2233191777,2247415071,2257615912,2263571132,2270942933,2069202832,2138269509,2180936563,2203883469,2218548694,2233354275,2251565542,2011871127,2091971685,2143276589,2172967110,2191336239,2205028690,2221006770,,,
at91sam7sek,2308147060,2359004538,2385936633,2402339487,2411840106,2418367561,2425251624,2304439579,2356908297,2380958108,2398910224,2409751613,2416991072,2425158662,2228766505,2296393513,2336607127,2365674696,2380811833,2395295671,2414490118,2171974878,2254169270,2301300168,2329840050,2347480981,2362943902,2380889314,,,
at91sam7xek,2471286607,2527613028,2556537081,2575049452,2586635091,2593349455,2601160879,2463750243,2523303526,2555778846,2574136772,2585679522,2592971939,2601253707,2397643800,2469341944,2517114219,2545791210,2562273049,2571426476,2588589271,2292758745,2386474087,2443071044,2481196547,2503266228,2520433026,2539435489,,,
atlas_mips32_4kc,1962880833,2006799485,2031476025,2044561906,2053422552,2059458759,2066262279,1960910652,2007294041,2031483803,2046411498,2054448901,2060723242,2066582143,1887655949,1957893993,1989577903,2012797995,2026382701,2040447120,2051426074,1815864027,1905556513,1951730102,1979134142,1997699094,2010046773,2028504484,,,
atlas_mips64_5kc,1924092201,1969785885,1994360704,2008724867,2017047535,2022437250,2029040140,1923628664,1968811944,1991893952,2006745096,2015014062,2020714051,2027663893,1830746126,1890207858,1938192912,1958895767,1971202596,1980345485,2007383624,1790879396,1865065414,1907205414,1934847613,1955228683,1969046200,1985620027,,,
brutus,1957760002,2001817318,2023567040,2036369760,2043427079,2048635945,2055450306,1962226514,2001989036,2023850670,2037070065,2044427714,2049403009,2055321139,1891138477,1954828460,1990796196,2006093358,2019245581,2030287024,2045067941,1793280953,1886693596,1938244516,1969287385,1986397098,2001548630,2019308754,,,
buildroot,224656602,227415771,227988555,228156341,228192024,228200113,228202776,224705966,227105691,227857251,228110369,228179665,228197183,228203163,222321623,226908528,227872605,228098595,228165844,228180006,228184794,223415415,226654206,227743022,228050586,228143015,228167605,228176456,,,
busybox_1_28_0,1264501691,1282976715,1289495047,1292132961,1293444102,1294193653,1294881640,1264997421,1282128040,1289395753,1292365931,1293601337,1294234649,1294880915,1246268377,1269973388,1280187673,1285896145,1288483405,1290211643,1292080553,1222165420,1253409209,1268356520,1276241172,1280609741,1282983333,1285580149,,,
calm16_ceb,1744968110,1783207838,1802632494,1813621226,1822265685,1826946579,1832571465,1745071731,1782694981,1804565877,1815565684,1823392130,1827298949,1832611991,1686522459,1738103868,1770471728,1788636091,1802643478,1814441237,1823721639,1540379112,1668198228,1718363258,1749945778,1774023747,1786813207,1803194166,,,
calm32_ceb,1745065565,1781783268,1802557489,1814335714,1822430962,1827016295,1832873463,1741923539,1779600056,1801252779,1813614074,1822472415,1826668765,1833057455,1683448582,1744871123,1771833160,1789404555,1802478179,1813893703,1823135840,1461340586,1621545698,1697704366,1736284592,1759818879,1775652882,1796457051,,,
ceb_v850,1829987598,1869011058,1888997294,1900741322,1908304004,1913042166,1919356566,1824311763,1864115426,1886267246,1899689961,1908596891,1913858258,1919714928,1766669371,1826077962,1857115863,1874290141,1886222634,1895391883,1909084128,1709501404,1777714949,1820644294,1843203922,1858445753,1867776919,1879211460,,,
cerf,2247631483,2294678988,2323609141,2339375864,2348850843,2355436476,2363180814,2238678411,2295701816,2322571020,2338115181,2348993580,2356393787,2364442836,2141778315,2224496314,2276949084,2301282220,2319412413,2330720760,2346476344,2029564716,2146253068,2212746508,2251259510,2276878652,2293891984,2317039761,,,
cerfpda,2325055592,2376758373,2406501875,2424306963,2435460160,2442817170,2449850719,2322036914,2377663947,2409213738,2426026869,2435379095,2442435799,2450398804,2180315925,2282054548,2348351286,2380296003,2396861002,2411945445,2431677644,2114658413,2230961866,2295974417,2338254764,2364112654,2381196101,2401394233,,,
cma230,1918868116,1961979762,1984503502,1996894537,2005035056,2010118326,2015754373,1916185432,1961505711,1984443457,1997864567,2005443435,2010862865,2016187846,1832818091,1903410748,1939848020,1963581856,1979330470,1987868101,1998039738,1757624853,1839201729,1891860618,1920627187,1941917516,1955454544,1973711333,,,
cma28x,1895201634,1935021550,1958098808,1971149876,1978816399,1982933998,1988530743,1891123533,1934634645,1956200656,1970663206,1978741481,1983425413,1989118967,1820352903,1893284159,1922006573,1942387670,1957994371,1966002759,1981027084,1675578742,1808925525,1868497939,1906114159,1928143211,1941283848,1955966848,,,
cme555,2214716809,2260364316,2284656524,2298748897,2307872984,2313807885,2321745316,2206837605,2254921264,2280700715,2298937551,2309353550,2314965312,2322174182,2107140596,2182299508,2232309000,2261088156,2281229069,2293381467,2309786598,2013248775,2132648662,2186424534,2217738755,2245647609,2261845668,2277139657,,,
cq7708,2035471790,2078587133,2105480551,2120523944,2131417060,2137490786,2144821253,2031460948,2076771073,2103792076,2117786349,2129197013,2136607573,2143682948,1965518906,2022777499,2053104690,2074097796,2089141163,2098625885,2121134551,1859808142,1959105241,2011667853,2043705525,2061268585,2076548282,2095626917,,,
cq7750,2161638690,2212577807,2238410246,2252619048,2261947714,2267194208,2274609376,2162777141,2212193840,2235286333,2250377535,2261863727,2267561142,2274891364,2092787735,2163798394,2198247592,2224433647,2239149267,2247445620,2261723035,2030413870,2102713476,2140866869,2167090911,2180838100,2190429242,2203387481,,,
csb281,2069665227,2120572340,2144697329,2160213783,2170329142,2176349550,2184054035,2073301178,2121972169,2147874220,2161966180,2173215423,2180129892,2187633551,1990350505,2054085765,2097426768,2114419207,2133953574,2153461168,2171362811,1891776146,1997757301,2052000019,2081377023,2102504907,2122608026,2140157389,,,
dreamcast,2113041387,2162668072,2188570456,2204536873,2214716192,2221169593,2227931575,2114062845,2162871442,2189225257,2205204929,2215228453,2222337026,2228921011,2027971509,2106790170,2147829781,2176251902,2191975628,2200054022,2215049274,1970078351,2058837307,2100605414,2124675412,2143480084,2155821002,2170992715,,,
e7t,2214127686,2268419042,2294798106,2311108819,2321365855,2328117738,2334626713,2206470968,2264334055,2293430981,2311171271,2321988743,2328217958,2334897191,2112204608,2205596728,2237797428,2267359805,2290738077,2306108831,2320411376,2061656225,2149935996,2201027222,2229782654,2252252715,2266354899,2283194780,,,
ea2468,2756746408,2811887714,2843551307,2861180753,2871478789,2877968493,2886072764,2747347403,2809982523,2839465168,2858939754,2870195658,2878856874,2886100476,2626861464,2723744725,2781039753,2817832581,2840908465,2850816216,2866295526,2574395191,2679485801,2738362021,2775796711,2800736026,2815870663,2836513797,,,
eb40,2055209505,2100795072,2124850766,2138363782,2146419489,2152451971,2158602668,2050744655,2097969233,2123753798,2138652971,2147402178,2152652751,2159117126,1980807378,2046334734,2088276079,2109791082,2124142922,2135720815,2149127312,1881820937,1968047374,2031308407,2059889791,2084856563,2097317053,2116604049,,,
eb40a,2058627131,2104256739,2130573585,2145881168,2152767743,2159151827,2166469415,2057904957,2102418626,2129560269,2142990223,2151118956,2156607602,2163929815,1971110405,2047181961,2086371135,2116838180,2134113876,2143005537,2153700457,1871644329,1971436949,2028235194,2064510280,2085397010,2102733797,2116734259,,,
eb42,2028686275,2071393345,2094544192,2107688311,2117028344,2120980888,2127233574,2019386892,2065253229,2090324609,2105843029,2114315676,2120014520,2126533976,1962424981,2021751369,2062496735,2084390492,2096915767,2105430289,2117753794,1844037818,1946873540,2000033555,2029560109,2050020770,2066251099,2081564847,,,
eb55,2192844940,2243601529,2269132399,2285865546,2295347365,2301219471,2308416864,2195604246,2241730609,2269287275,2285290480,2295099013,2301371660,2308032459,2125411274,2187900363,2223944822,2252141181,2271687833,2279930878,2293326484,2028040014,2118574270,2173932530,2207958619,2229460351,2244266253,2261946382,,,
ebsa285,2129644952,2182741323,2210791671,2226949438,2236873607,2243237162,2249830953,2132801240,2183488663,2210594219,2226084599,2236139208,2242158252,2249159457,2044928875,2120396587,2155828619,2182363998,2201388270,2223623707,2238199245,1957005785,2055944229,2115284158,2147665676,2171508958,2187217630,2204322518,,,
ec555,2213904019,2265148715,2292760746,2307967289,2317193652,2323212363,2330157566,2216479341,2264758888,2291353071,2305686933,2315022595,2320574358,2327288096,2142386879,2214573295,2254732338,2280888444,2295961436,2306173513,2317370801,2040199267,2138339223,2197456177,2229438918,2250837498,2263445212,2278379935,,,
ecos-icse11,2119871100,2170431827,2194812033,2209463867,2218939133,2224486891,2232176260,2113264685,2163769180,2193135023,2209377353,2219502708,2226012332,2232848473,2050055830,2124858913,2156315487,2173790979,2189570952,2198813300,2213536237,1977027099,2069457771,2115376525,2143237514,2161753182,2176829076,2194758331,,,
edb7xxx,2092060685,2140874879,2164881637,2179445817,2187489847,2192754443,2199693352,2082906512,2133165456,2158490336,2174810072,2185353771,2191763008,2198573045,2019710380,2087020733,2118494846,2141279265,2159948354,2173727008,2187846369,1906585504,2006692434,2064774227,2095441551,2123473810,2135321586,2152039999,,,
edosk2674,1856753889,1897479879,1921059134,1933514871,1941749528,1946755572,1953459826,1854776372,1897141801,1919581268,1933078594,1941139308,1946793747,1952859838,1794649910,1851027233,1889722949,1908607955,1922850673,1931155175,1943202919,1680390737,1783470506,1830911210,1862909142,1882371595,1899997148,1913783054,,,
excalibur_arm9,2007172012,2053599351,2078447208,2092523145,2102834257,2109300025,2117959344,2004135263,2051921518,2078330032,2093984470,2103774751,2110446320,2117170257,1940474601,2001861323,2045210776,2074000281,2084890222,2094167818,2104634428,1803678306,1914697930,1983141504,2014452976,2037264285,2053872146,2072905083,,,
fads,1811794812,1853220920,1874025729,1885148426,1892505450,1896646141,1903834227,1808034929,1850083578,1872136348,1885449465,1892612426,1896715530,1903243378,1754724708,1804884355,1846281259,1862899944,1874510190,1884072068,1895324502,1622752361,1730822378,1781634784,1815941086,1838543075,1851705131,1869305826,,,
flexanet,2207063915,2261684760,2287344919,2303913560,2314610465,2320946657,2327352377,2204538444,2258199266,2286690432,2301778225,2312816441,2319663114,2327518692,2141498657,2206605736,2244944425,2276241873,2294073636,2304579718,2316456663,1971922052,2110538589,2175337972,2212585661,2240352468,2255161722,2274162112,,,
freebsd-icse11,3268957548,3335986719,3367964161,3384663964,3395280205,3402255226,3406324396,3265966594,3332500446,3366340707,3384234319,3394381782,3401657699,3406331685,3171301461,3266408482,3304355072,3336205749,3355174451,3368009647,3377222420,3089618492,3185486072,3242829524,3272650556,3297285099,3315032567,3326415610,,,
frv400,2079190152,2132175524,2158090629,2172590151,2182565088,2187510354,2195006786,2080425849,2129185173,2154586149,2170558417,2181108906,2187515208,2194818992,2023761698,2084452100,2119057113,2143257815,2155660560,2170106800,2182790068,1826934015,1984487365,2052241794,2093780859,2118101266,2134267609,2151566171,,,
gps4020,1917707087,1960624023,1982380752,1995846719,2004526238,2008429184,2015256414,1914985119,1957649691,1982677634,1995656111,2003883001,2009285955,2015005646,1849785178,1908978571,1935203603,1961214834,1978533770,1987648241,2001187876,1782021365,1854372661,1895906731,1924991021,1942005911,1954300814,1968387330,,,
grg,2080900768,2130728228,2156678263,2169806262,2179513573,2185423431,2192391931,2081265060,2129138031,2156677378,2171545803,2180094294,2186053892,2192625356,2018088417,2085838219,2121915829,2145576331,2160251075,2170499764,2183202742,1804856580,1968929231,2042849494,2082352584,2106512456,2123100950,2138761632,,,
h8300h_sim,1777890188,1815764807,1836592534,1848179359,1854345927,1859138052,1864330527,1773006133,1813095242,1833787567,1845704962,1852972412,1857482508,1863061437,1728283887,1771202987,1795072204,1819050165,1831041521,1839736676,1850604012,1553399868,1685717562,1745088636,1779880119,1803445000,1817566082,1833885433,,,
h8max,1898281221,1940821023,1962248642,1974743662,1982395829,1987522579,1993257174,1891987522,1935102000,1958303121,1973270539,1982051641,1987924593,1993931871,1825832426,1896033914,1928995234,1946796978,1962256258,1974190195,1985531977,1728355942,1814047510,1873161242,1903780118,1922704869,1933961258,1949064992,,,
h8s_sim,1780097703,1820081461,1839891155,1851252057,1858303494,1862892345,1869319375,1779660395,1819329297,1839275259,1852261842,1859105774,1863326869,1868429430,1721884711,1765904867,1805056898,1828118920,1842060744,1849381272,1860687856,1664632104,1726664983,1769059151,1797398462,1813675045,1823023928,1836936162,,,
hs7729pci,2372765782,2429067434,2457545709,2476899612,2489636008,2497127509,2508730386,2361012725,2425318362,2456249247,2474932505,2488729654,2497459474,2508329621,2269412288,2351594765,2418381811,2444650148,2463422776,2474254098,2491336050,2190046789,2306202375,2363784021,2404821944,2425698650,2442557657,2462015838,,,
innovator,2147964049,2202918636,2230861267,2247257371,2258712265,2266356872,2274106951,2149823493,2201848149,2228186656,2245678388,2256003874,2265376065,2275037915,2034453008,2126915364,2163728485,2200527480,2226465368,2238921379,2258098802,1931819325,2065686610,2125918906,2165251853,2188087022,2205543265,2226391936,,,
integrator_arm7,2167798124,2221156050,2247956900,2263543973,2273139997,2279713293,2286600598,2169015823,2220659021,2246833370,2261945315,2272695450,2279044378,2285769417,2091108242,2157149871,2202156886,2231686223,2246811026,2255522569,2272933996,1965196838,2088456361,2150470715,2186765339,2208691169,2224911058,2243372530,,,
integrator_arm9,2210712004,2260817479,2287666059,2305039657,2315628673,2323632942,2332205278,2206672367,2258325238,2287627560,2305013376,2316264297,2325234077,2333635247,2121935776,2187448066,2236703427,2268344962,2289302158,2301436985,2320288786,2027714460,2132458185,2187264301,2222103820,2243676573,2259259619,2278227377,,,
ipaq,2109783978,2156674646,2183448627,2198608199,2207429762,2212995214,2220071182,2110577213,2155406794,2183751631,2197082428,2208311906,2213530180,2219749977,2033296680,2114524640,2155463579,2177280121,2190231183,2197806070,2209814713,1831848617,1991585563,2063914561,2103937768,2133876184,2151240615,2171779744,,,
iq80310,2181629723,2230362255,2255449345,2270140647,2280645248,2286602601,2293667587,2174485699,2227217484,2255231462,2271204951,2279473577,2286115505,2294038819,2085480219,2166359219,2209095081,2235149659,2254052639,2266957059,2281616031,1974458484,2092234551,2153735393,2191177910,2221177981,2237937265,2257843640,,,
iq80321,2165987117,2219110179,2243489127,2258485510,2267747196,2274753940,2282199625,2163017976,2216168793,2242092046,2257411744,2267624579,2273617785,2280763402,2082824360,2155237934,2192217564,2223991960,2238967095,2252728698,2268259280,2021845984,2114045123,2164077441,2193846613,2211460685,2223809122,2239021812,,,
ixdp425,2112438386,2165286504,2189521552,2202550685,2212740497,2218567010,2224950021,2111782485,2160711723,2187602174,2202636539,2211928955,2218640611,2225394088,2016582552,2087324501,2149137982,2178334571,2192419078,2199667390,2211979136,1949664865,2052663632,2103739610,2137261358,2155383516,2173563551,2190244602,,,
jmr3904,1856832148,1899439566,1924526775,1936637441,1944111105,1949608236,1955145537,1852757946,1895160024,1921133368,1935421518,1943469245,1949625718,1955611652,1796310595,1851748712,1878875901,1894003369,1907170087,1920677623,1939670136,1726996080,1802528166,1842740826,1870421190,1890159589,1902168170,1915562515,,,
jtst,2056537944,2102335209,2129628214,2144411857,2153022336,2158598446,2165171619,2056866690,2102227125,2129818124,2143984122,2153599619,2159060801,2165471093,1994117895,2063450122,2092359172,2114047561,2132927668,2142510812,2154840948,1900080390,1998671545,2048445407,2078091548,2094609460,2108545471,2125444748,,,
linux,1992935172,2040130183,2064623366,2079105058,2088195625,2094264947,2101233711,1985898906,2036662500,2062042595,2077882999,2087615000,2093331900,2101925862,1889427513,1961119621,2003647000,2040191129,2056472156,2070386964,2084325340,1828862252,1917746402,1969369369,2005278346,2025747896,2039520804,2059595639,,,
lpcmt,2095536513,2144913964,2170710242,2185600123,2194941625,2201381370,2208364536,2099110715,2142902060,2171634159,2186741176,2196622423,2202230844,2208131342,2034432722,2089712918,2121771549,2156058153,2171594973,2182118097,2198665757,1860325687,2003892250,2070550735,2106370857,2128110722,2142374222,2157156059,,,
m5272c3,2531643665,2587619488,2620356616,2637546877,2649254910,2657144353,2664821793,2527232468,2587033966,2619526719,2636926352,2648599914,2656518194,2663898999,2438625910,2523198477,2571327581,2600731853,2618751559,2629543195,2644604973,2270586471,2423783913,2496796906,2539799405,2566932973,2587575760,2608472292,,,
mac7100evb,2030262614,2074337487,2098340365,2112018679,2119531218,2123308657,2130090067,2023522231,2070183855,2093069166,2107987763,2117924911,2123949819,2130274176,1970479700,2033983593,2062727469,2086538124,2100048748,2107355823,2117980622,1808796076,1943076487,2009195431,2041740632,2064311673,2078274328,2094561345,,,
mace1,2030236294,2073299630,2096208625,2109096451,2116319633,2121545243,2128801670,2022969854,2071067861,2094075186,2108485525,2116608351,2122628199,2128312668,1955347868,2025649312,2058876979,2081851279,2096376566,2104498495,2116214500,1765426867,1921697490,1992622337,2028019231,2050843364,2069457011,2085601856,,,
malta_mips32_4kc,2035051575,2080585949,2106820251,2122228193,2132388784,2138806055,2145085770,2036657858,2085992565,2109206125,2123565093,2133271334,2139271115,2146151301,1891605526,2027676784,2066396020,2090029507,2110066876,2121723818,2135986788,1830312974,1946975939,2000344846,2036639673,2059954289,2078740307,2097418644,,,
malta_mips64_5kc,2036799751,2084915400,2108912485,2124660846,2132664952,2138548840,2144937872,2036153886,2083293773,2109951056,2124655749,2134832091,2140336113,2146532056,1958342108,2025949372,2060377284,2090757455,2107184995,2117818745,2132531283,1855093352,1949722545,2003278836,2041162323,2066701537,2085554577,2105998719,,,
mb93091,2139566362,2186424824,2215776701,2231113114,2240750879,2246088283,2252580329,2134826262,2187587805,2213344363,2229145607,2239272649,2246579476,2254189410,2054905721,2130283136,2175718326,2197589845,2213259972,2225239574,2241741993,1991464036,2074687343,2122602539,2154843906,2172756935,2185471117,2200429587,,,
mb93093,2041165149,2088864919,2115051908,2130021742,2138339363,2144755007,2151302739,2040817771,2087763654,2115554801,2129971338,2139372668,2145292380,2152594757,1958875316,2043863375,2083731896,2107966724,2122206798,2134056711,2144960181,1890029239,1982590529,2032824140,2060565094,2078552091,2090118723,2103393953,,,
mbx,2391648400,2447681287,2475417297,2492779688,2503097669,2509805930,2517940602,2384301620,2439422931,2472500494,2491004839,2502636546,2509819083,2518077602,2293110492,2390187607,2431741254,2454679151,2471399708,2484306333,2503645467,2131010821,2287713453,2360886910,2400308439,2429228725,2447615441,2469617640,,,
mcb2100,2105323232,2149037824,2172273593,2187351833,2195210691,2200899307,2207881651,2097720081,2143320917,2168505265,2183148910,2193294841,2199447626,2206615109,2014456502,2095602569,2129959412,2155798028,2174651606,2183988992,2197309236,1834392164,1972624314,2051577831,2101261226,2127964051,2144883117,2162855500,,,
moab,2292264340,2341763050,2367200444,2384009412,2393227102,2399628225,2406663034,2280063396,2334491565,2364358556,2381257474,2392402914,2399337392,2408085018,2219293319,2285892775,2326117016,2354479448,2366937708,2378246936,2390335688,1992285813,2156453705,2240935557,2286641135,2316042899,2339069087,2361644968,,,
mpc50,1925958830,1965975545,1987940721,1999990446,2007307750,2011954666,2017918768,1922087570,1964517191,1987394853,2000120589,2007468963,2012573310,2018797027,1837801086,1911654989,1944574170,1965913687,1979806338,1993556679,2005685127,1797450925,1871084300,1918782836,1946817884,1965597516,1975581789,1987984804,,,
nano,2223637511,2280409027,2309097749,2327027034,2337644324,2344078019,2351271835,2222890875,2278175204,2307955647,2324707239,2335900560,2343318319,2350754812,2139642804,2222820648,2263668882,2290087808,2310110052,2321134759,2335542351,1979364894,2124986966,2201283478,2242779465,2265690540,2283698176,2303628042,,,
npwr,2180262403,2231884711,2259446758,2274209142,2283745383,2289309032,2296203428,2173558288,2227822665,2253671809,2270960126,2280346921,2287208640,2294159960,2084323963,2182262668,2222960101,2246325733,2258958756,2270813913,2283578294,1995534662,2105084680,2161880478,2199018302,2219290480,2234366889,2252793616,,,
ocelot,2200455418,2252912328,2280153643,2297889845,2308149408,2314128188,2321523868,2203658255,2255096527,2281587562,2297837653,2308143110,2313309364,2320092622,2122233356,2193262592,2237265676,2256933203,2275663590,2287321982,2301880997,1964832256,2109975554,2173629294,2213662273,2241242856,2259886545,2281006102,,,
olpce2294,2258390249,2309476949,2338540137,2355212444,2365826721,2372359571,2379634515,2255432452,2309226951,2338127650,2354616849,2364856138,2371845935,2379542902,2171223708,2243035770,2295018330,2321555768,2338902363,2350346114,2367382778,2102497645,2197481603,2244306057,2274810861,2301345345,2317369575,2334527099,,,
olpch2294,2167094000,2213814003,2240152998,2253930660,2262352879,2269278918,2275680527,2161492414,2211970334,2236635671,2251851316,2261494074,2267867481,2274226238,2075245500,2144899801,2183720295,2210227187,2233939979,2247092728,2262179194,1935238408,2076393755,2130019996,2165961413,2188009376,2206259392,2224219441,,,
olpcl2294,2248184806,2303422532,2334268394,2351736173,2362389486,2368023418,2375333988,2248451172,2301840057,2330033518,2348783527,2358347771,2365681415,2373853812,2150589036,2234792951,2278338324,2311229667,2328700757,2341672676,2359416567,2064206226,2172546247,2232770144,2266238133,2288220917,2302360519,2321369310,,,
p2106,2106152075,2150075863,2174026485,2187485821,2196213316,2201131296,2207416137,2100380392,2147350995,2174104047,2187747380,2195860631,2202235156,2209255729,2043558254,2105008579,2134987416,2161770180,2174711118,2184295858,2197091953,1952174978,2035515658,2087598660,2119415863,2139799942,2153176965,2170902770,,,
pati,2119205358,2164435890,2187968347,2202782380,2211400284,2216766993,2223999655,2115291570,2161514158,2187169327,2201560934,2210064477,2215129542,2222405416,2053076667,2117153753,2152595544,2175276063,2189516099,2195884232,2207852911,1909901454,2030534380,2090203992,2123557603,2148935880,2164886856,2184618805,,,
pc_i82544,2188544869,2241055964,2268421106,2282680126,2294382419,2300790619,2308420940,2185554912,2239153811,2268364572,2283525725,2295249949,2302204578,2309784598,2115299716,2192131584,2229327146,2253254234,2272414927,2282275746,2298353823,2017469160,2111273687,2171639999,2207125279,2229715873,2245230725,2262511336,,,
pc_i82559,2191483118,2241376177,2269916985,2286203717,2296272156,2302324652,2310506092,2187326105,2239293380,2267480030,2285259970,2296531618,2303760497,2310880840,2106821858,2191955919,2234385307,2256357909,2267175904,2278400278,2293185207,2040280051,2125887172,2175188302,2203576004,2227072142,2243370872,2259573788,,,
pc_rltk8139,2209222935,2259356358,2285818613,2303572867,2312966175,2320207458,2328859803,2204654409,2257445834,2286810343,2305746330,2315561151,2323473975,2331039091,2118205588,2200317411,2233040086,2271737319,2292894255,2305742404,2320986569,2044570737,2128254328,2185962945,2223678484,2245651458,2262910353,2280654804,,,
pc_usb_d12,2289594990,2341248952,2368941025,2383624980,2393003659,2399585037,2406838037,2283388399,2336047889,2364945051,2381513843,2391639541,2398285173,2405753811,2219809560,2297047335,2328454810,2353612647,2370778364,2382995278,2395374972,2115298695,2213965231,2273837012,2310282063,2329495513,2346615487,2363408406,,,
pc_vmWare,2176577913,2224589894,2252658533,2267292527,2277805371,2284131541,2290471962,2169376137,2222341149,2252120366,2267360553,2276738492,2283058882,2290595759,2082473715,2158652119,2206407269,2229490691,2245673003,2256716839,2271887124,1977515330,2089745090,2148124919,2188085627,2209622244,2226412132,2248818839,,,
phycore,2238818598,2284084808,2311238856,2325998572,2335618903,2341814864,2348503488,2229709648,2280828821,2311507004,2325730015,2336602452,2342785044,2349249261,2169364066,2237887423,2274824484,2294715551,2309841868,2318106113,2335204081,1984398458,2109141396,2188621734,2239396085,2258582044,2274756226,2298486383,,,
phycore229x,2635292990,2692547611,2722291414,2740013418,2750232278,2756512675,2764048819,2624521680,2686374475,2719062528,2736847355,2748433989,2756747581,2765854489,2535529888,2610694016,2669890545,2703834882,2721382257,2734553283,2746746052,2411074575,2543440354,2609414932,2647071556,2671212629,2687525574,2710601794,,,
picasso,2102610081,2149658337,2176114916,2189826200,2199202689,2205378327,2211747430,2095931467,2148335948,2173954300,2189330577,2199192834,2205125457,2212448842,2040606053,2102770253,2144583178,2164614440,2177861752,2187200023,2199639909,1803686377,1979235621,2063145353,2105349541,2132125987,2148421613,2165831915,,,
pid,1995702707,2039601541,2062192883,2074543290,2081993779,2087284178,2093414778,1993467727,2034230670,2059031157,2073761970,2081989691,2087788177,2094778123,1895199859,1976360480,2013933413,2043020346,2058039272,2068789340,2082459791,1775867467,1903681066,1966087960,2001818882,2025674423,2039787212,2058044512,,,
prpmc1100,1968367648,2011925502,2035609406,2050730063,2058724090,2063723972,2069074570,1965418536,2010268103,2033325257,2046887680,2055735871,2061222547,2067777858,1885726638,1951095425,1984496290,2009140228,2031019910,2040841763,2055370502,1845599805,1910852471,1952189396,1976506576,1996940980,2010745385,2025227996,,,
psim,1788190788,1825653278,1847036400,1858901983,1866038029,1870922244,1876449185,1786746206,1823806765,1844770492,1857868877,1865254260,1869995595,1875956529,1724938489,1786133411,1818839545,1835378495,1848355973,1855164354,1867525796,1660532788,1725541369,1760727062,1794065125,1810114044,1824488254,1837232799,,,
rattler,2506089929,2569399027,2604133267,2623198296,2635757054,2644640153,2653181415,2506455910,2571205657,2604821670,2625072523,2635264932,2644507720,2654877986,2432560670,2515388788,2554842220,2591995947,2607934583,2616647286,2629057107,2306530338,2426146745,2501479404,2541465528,2563023581,2581945069,2602627427,,,
ref4955,1955874079,1998316906,2021848969,2033869579,2042167964,2047730775,2053966693,1949995926,1995546966,2019718012,2033668682,2042023055,2046972685,2053303961,1885980980,1941973127,1983415712,2002334725,2015382405,2033332632,2044664137,1822807042,1895467668,1932571242,1958479350,1975290445,1984547747,1997858150,,,
refidt334,2234180203,2289402516,2318371917,2332776929,2344025727,2351285242,2358877334,2233122808,2286393030,2316288674,2334445319,2345291989,2352607868,2360881469,2142740886,2205364908,2249024585,2272460422,2298410726,2318547851,2336091691,2031490714,2150720813,2216926876,2252020825,2276389485,2295579968,2315195153,,,
sa1100mm,1963601691,2007563143,2030513750,2044126136,2051629119,2056457785,2063495386,1960498300,2002977233,2027385000,2042966371,2051234861,2056513219,2063150483,1893025658,1961810716,2000668801,2022619254,2031987409,2039365350,2051964312,1814804568,1908279050,1952856259,1980498464,1998966584,2012438690,2028381439,,,
sam7ex256,2513984916,2571812958,2600170852,2616719227,2626537042,2633140080,2641709783,2509743809,2563522034,2597520549,2615068509,2627205137,2635162520,2643548863,2426571790,2498021107,2539916804,2575532034,2600046976,2613524199,2630417427,2316501033,2431732930,2497499863,2530466391,2557081847,2574811119,2593081375,,,
se7751,2340383293,2393469306,2422649471,2439737468,2451342211,2459003016,2467810210,2340274888,2392836326,2422907413,2439782342,2451427132,2458563569,2466802608,2222396171,2304464464,2349665608,2399716618,2419400619,2436150865,2454544823,2167582128,2267532519,2323982529,2354716270,2379517122,2395081740,2417331778,,,
sh4_202_md,2165415580,2209900755,2236822624,2253502501,2263434765,2269264149,2277060605,2159144637,2208720416,2235738794,2252445994,2263009656,2270803598,2278628842,2092682410,2166728643,2202586833,2226003559,2237842009,2249531462,2264787548,1931825274,2062515999,2131963071,2170486413,2199428705,2214325120,2233243214,,,
sh7708,2106062129,2153581600,2179673806,2195214365,2206279166,2213235506,2220530174,2104254738,2150234721,2178775117,2195681581,2205706960,2212605688,2220065758,2000293637,2089301357,2118202369,2153232521,2168315994,2186097441,2206848227,1939999881,2024845724,2083287121,2117372164,2139017960,2154561683,2173900506,,,
skmb91302,1957953932,2000578314,2023810327,2036967122,2045146224,2050405555,2057298559,1952942559,1998760324,2021742069,2036159629,2044621553,2049861952,2056312658,1896129007,1953224288,1987030036,2013985121,2024713852,2034464251,2047003079,1790293808,1895167258,1942232724,1973189296,1994612637,2007382938,2022849698,,,
sleb,1824589025,1862490782,1882076665,1895138181,1901281313,1905441948,1911936790,1816411803,1858736333,1879632941,1892438568,1900815665,1905943935,1911140244,1754111797,1815863438,1840433589,1860630006,1879593546,1886070289,1897328024,1551045349,1696066172,1771483812,1811014727,1837043115,1851223515,1865700602,,,
smdk2410,2163809846,2216301541,2245425009,2261833697,2272563353,2280526423,2289679842,2174977797,2222184991,2247327831,2262858528,2273256646,2281088245,2289790978,2097848754,2169909920,2210737705,2231863293,2249405188,2259946749,2272982176,1968599480,2091265835,2156556821,2189507607,2210294458,2226044281,2244319909,,,
snds,1962251447,2004048598,2025251993,2037133151,2045761395,2051370472,2058122698,1955758292,2001502354,2025514519,2039115169,2047828435,2052573462,2059662792,1888852783,1951051447,1985918973,2014416384,2030170113,2041368431,2051270255,1803543488,1887461609,1936640706,1966707154,1987681265,2000300430,2015975919,,,
sparc_erc32,1730265065,1765856874,1786847165,1796863894,1803496922,1808612089,1814583425,1720886970,1761906879,1784301005,1795738165,1803064398,1807689153,1813015000,1640733044,1694420825,1729594393,1757383647,1768162188,1775240399,1794620693,1592676063,1668858436,1713890473,1739322656,1757341629,1770580151,1783256509,,,
sparc_leon,1729508953,1767048132,1785615734,1795623992,1801893435,1806206490,1812788419,1726814678,1764781568,1784203896,1795141233,1803042961,1807147688,1812826240,1652899306,1714527481,1747212443,1771715942,1782999058,1793666838,1802960284,1580486978,1659282981,1706311978,1734395937,1751586293,1762305454,1776749642,,,
sparclite_sim,1726239054,1765652220,1783404143,1796148388,1804105287,1808643493,1813599803,1723510058,1762616038,1782891037,1796043993,1802852814,1806444327,1812751955,1673963408,1726018720,1757953499,1773911968,1790732121,1799992118,1807904302,1620939784,1685644989,1721435414,1745654082,1762787875,1772566881,1782744126,,,
stb,2132217299,2177882171,2203927204,2218896474,2228519339,2233445528,2240357797,2134273955,2180860209,2204201006,2219999448,2228674817,2234620944,2240961900,2040772981,2115109846,2157569356,2181773123,2196963705,2207479591,2225441672,1930906732,2058961234,2111946180,2143593981,2164650499,2177636500,2195229028,,,
stdeval1,1826678963,1867551177,1888889370,1900635353,1909362216,1913731025,1920544636,1827684362,1868322218,1890199491,1902052077,1910465731,1915790531,1921389961,1765169119,1819803573,1852874603,1874600275,1888921810,1898268533,1907634963,1661289218,1754891899,1798789309,1828612732,1851632960,1866103876,1882054130,,,
stm3210e_eval,2231616939,2280644538,2307215908,2322941542,2333174094,2338182431,2346033520,2230889934,2282488149,2306052561,2322033670,2332759911,2338906895,2345762654,2167033639,2232417149,2267352101,2289635899,2307562915,2320079694,2331296760,2077416461,2169121019,2221481095,2254835391,2273911406,2286995046,2300487473,,,
toybox,60432595,60509591,60532027,60547419,60557523,60560095,60561399,60448747,60508551,60545363,60553019,60559323,60560587,60562171,60360079,60491939,60538367,60552131,60557647,60560655,60562055,59981646,60206967,60435055,60477007,60546431,60555503,60560895,,,
ts1000,2405905606,2463994940,2494552690,2509934881,2521160841,2527394507,2533934586,2403200790,2460947913,2491705602,2512137552,2521962221,2528104745,2536495654,2313784350,2388329580,2438011124,2464188405,2485376401,2500242231,2516129566,2215383303,2327897921,2384528581,2418734167,2445249262,2459231397,2478647145,,,
ts6,2102372404,2151856233,2175469984,2191645295,2203258565,2208892199,2215369876,2099144125,2149613063,2175115973,2191637644,2201034024,2207478278,2215154126,2020728858,2091587145,2134799675,2159162768,2171263669,2180684588,2191206742,1948042271,2040658228,2091663621,2126006012,2143105838,2158021556,2174150058,,,
tx39_sim,1768484602,1806390593,1825930563,1837570303,1843544832,1847473081,1853072928,1766835068,1804023341,1824149330,1835514464,1842418717,1847244642,1853302994,1703180416,1751717306,1787346758,1801010840,1818589049,1827694700,1843389715,1539599422,1680688219,1737675975,1775438993,1795009211,1806926854,1821501315,,,
uE250,2107431765,2155503064,2178565126,2193461149,2202776595,2209022441,2216266120,2109373098,2154483396,2180575332,2195578815,2204022333,2209458915,2215397319,2030068212,2096558253,2134244895,2155056407,2174575069,2186192116,2199103585,1979819226,2051292722,2096001700,2122579412,2140864765,2153724190,2168704655,,,
vads,2101871285,2150288704,2177225438,2191097392,2201426578,2207239275,2214876243,2096970629,2147881543,2175100531,2190553637,2200874107,2206428763,2214295398,2021545765,2089010032,2130748597,2153719377,2166675544,2177415271,2198995287,1928092321,2027280010,2080891096,2119115875,2139883734,2152630060,2169780198,,,
viper,2423324170,2478336364,2511125587,2527530559,2539346739,2546149338,2553165226,2420883434,2479303644,2510572241,2528452142,2540708954,2547391221,2556310060,2304435750,2403739648,2456069936,2487241419,2507157511,2521143270,2538137496,2160161889,2326446217,2400275981,2443172177,2469023184,2486218753,2506518731,,,
vrc4373,2097811910,2144615978,2170574008,2184514119,2193706697,2199593223,2206236908,2097152068,2147301140,2171996055,2185847855,2193164854,2198882585,2205600967,1995074343,2075303796,2128278676,2155477905,2169510309,2178702561,2188095647,1955281728,2043798995,2090548513,2119712202,2138070987,2150542449,2162938756,,,
vrc4375,2184691752,2234284888,2263526392,2278334515,2287275056,2293913292,2301487532,2184061003,2232446723,2259714763,2275181075,2286127561,2292643791,2300367236,2118674344,2188789301,2226421486,2247513792,2261783828,2273415204,2287198266,1976426403,2094747021,2153997872,2194364397,2214820155,2234754282,2251657976,,,
XSEngine,2196835907,2247691862,2275160417,2288952362,2297106374,2303045462,2309823581,2192509619,2244502713,2271321819,2287154775,2297075624,2303137312,2310504197,2111980234,2184463638,2224640643,2246637664,2258643386,2275087956,2285611779,1889799120,2054714767,2144654135,2191921869,2218869174,2241354708,2260081551,,,
,,,,,,,,,,,,,,,,,,,,,,,,,,,,,,,
,,,,,,,,,,,,,,,,,,,,,,,,,,,,,,,
,,,,,,,,,,,,,,,,,,,,,,,,,,,,,,,
,,,,,,,,,,,,,,,,,,,,,,,,,,,,,,,
21 instances t=2,,,,,,,,,,,,,,,,,,,,,,,,,,,,,,,
,DivSampCA,,,,,,,Ls-Sampling-Plus,,,,,,,Baital,,,,,,,PLEDGE,,,,,,,,,
Instance,30,40,50,60,70,80,90,30,40,50,60,70,80,90,30,40,50,60,70,80,90,30,40,50,60,70,80,90,,,
107.sk_3_90,42349007,42349120,42349125,42349125,42349125,42349125,42349125,42348480,42348916,42349017,42349069,42349071,42349098,42349111,42348026,42348717,42348812,42348967,42349017,42349059,42349097,42347624,42348278,42348424,42348733,42348837,42348993,42349044,,,
110.sk_3_88,178679232,178679942,178680148,178680219,178680229,178680229,178680229,178676541,178677790,178679201,178679675,178679908,178680010,178680104,178676492,178677888,178678791,178679477,178679630,178679810,178679909,178675532,178677050,178677775,178678806,178679574,178679800,178679904,,,
17.sk_3_45,52288894,52288894,52288894,52288894,52288894,52288894,52288894,52288777,52288853,52288863,52288893,52288894,52288894,52288894,52288844,52288871,52288886,52288888,52288890,52288891,52288892,52288574,52288648,52288883,52288888,52288889,52288894,52288894,,,
19.sk_3_48,26140571,26140753,26140793,26140793,26140793,26140793,26140793,26140249,26140386,26140530,26140647,26140658,26140693,26140697,26139315,26139788,26140193,26140443,26140562,26140609,26140634,26131449,26139860,26140280,26140462,26140505,26140538,26140571,,,
2.6.28.6-icse11,91579932,91967184,92165655,92283292,92356045,92402895,92436130,91510596,91933540,92145330,92265054,92338215,92387657,92421676,89788487,90585019,90903895,91265872,91410073,91603363,91706978,89106565,90032865,90490519,90792116,90953390,91101414,91236268,,,
20.sk_1_51,137779817,137781147,137781620,137781746,137781790,137781794,137781794,137777983,137778728,137779034,137779484,137779582,137779896,137779971,137392828,137409781,137539610,137636692,137653151,137747812,137748534,135861072,135862747,136021513,136145978,136244436,136244655,137653969,,,
29.sk_3_45,43018971,43019113,43019113,43019113,43019113,43019113,43019113,43018649,43018800,43018823,43018850,43018893,43018933,43018968,42970551,42971640,43017792,43018145,43018248,43018431,43018579,42825830,42826126,42870675,42916472,42916524,42962090,43018200,,,
30.sk_5_76,461144646,461150903,461153607,461154805,461155321,461155450,461155464,461123829,461135374,461144431,461146172,461147268,461147949,461148899,461001623,461015153,461141748,461144689,461147759,461149152,461150666,460608308,460972763,460985034,460994446,460997522,460998971,461001071,,,
57.sk_4_64,25752765,25753115,25753208,25753217,25753217,25753217,25753217,25752675,25752840,25752969,25753041,25753088,25753145,25753177,25749971,25752063,25752503,25752609,25752946,25753052,25753068,25750585,25752108,25752504,25752733,25752918,25752986,25753049,,,
63.sk_3_64,30892967,30893602,30893809,30893870,30893881,30893881,30893881,30892520,30892889,30893080,30893294,30893398,30893449,30893524,30845062,30889763,30890520,30891039,30892329,30892954,30893215,30830066,30843379,30844761,30845319,30845748,30854416,30854556,,,
7.sk_4_50,23475799,23475808,23475808,23475808,23475808,23475808,23475808,23475657,23475736,23475770,23475795,23475800,23475807,23475808,23475431,23475585,23475729,23475752,23475784,23475789,23475794,23475013,23475580,23475721,23475749,23475767,23475789,23475801,,,
77.sk_3_44,107873463,107873474,107873474,107873474,107873474,107873474,107873474,107873183,107873332,107873362,107873414,107873451,107873463,107873464,107873081,107873302,107873396,107873417,107873458,107873464,107873464,107814201,107872927,107873235,107873392,107873417,107873444,107873451,,,
81.sk_5_51,68793109,68793454,68793454,68793454,68793454,68793454,68793454,68790550,68791239,68791666,68791796,68792260,68792543,68792631,68611447,68612599,68734145,68734804,68734804,68788762,68789452,67693982,67694383,67694415,67880758,68360455,68363341,68493419,,,
84.sk_4_77,127076809,127076991,127077025,127077026,127077026,127077026,127077026,127075860,127076496,127076835,127076926,127076943,127076972,127076985,127075470,127076234,127076579,127076750,127076920,127076949,127076963,127059208,127076114,127076377,127076488,127076715,127076867,127076928,,,
busybox-1.18.0,46260614,46267607,46268277,46268277,46268277,46268277,46268277,46258182,46266713,46267721,46267909,46268153,46268193,46268221,46186583,46236601,46250141,46252863,46255911,46261863,46263359,45978790,46139163,46221500,46245887,46255483,46259075,46261601,,,
coreboot,141533872,141540639,141541066,141541078,141541078,141541078,141541078,141529289,141537089,141538231,141539289,141539575,141540166,141540324,140967800,141062126,141127044,141297963,141361395,141377002,141387265,141098165,141208676,141265417,141402979,141449388,141451801,141467391,,,
doublyLinkedList.sk_8_37,33407097,33435504,33449834,33457392,33461682,33463731,33464947,33407046,33433597,33447449,33455130,33459335,33461502,33462999,33268775,33332577,33363981,33391409,33425896,33435521,33441186,33194610,33326226,33370170,33405688,33413593,33422424,33427070,,,
embtoolkit,748119409,748512490,748613337,748655501,748676262,748687343,748693173,747979294,748445076,748574950,748625905,748649881,748663344,748669795,741681166,746484161,746948531,747573992,747882614,748179844,748334668,723273916,740820116,742862821,744051725,745525917,746563128,746656212,,,
isolateRightmost.sk_7_481,164108367,164783891,165137097,165351638,165490341,165580139,165641190,163952236,164699629,165082161,165286843,165426589,165523016,165594979,161908296,163128397,163725288,164446444,164766004,164896832,165042300,161043923,162308828,163213269,163743246,164022349,164197491,164354001,,,
Pollard.sk_1_10,54294115,57443165,60086694,62082863,63529940,64651881,65575905,54128322,57368856,60059136,62025145,63417333,64522426,65442224,49979431,52053571,53916587,55350999,56899571,58637450,59702139,50170020,52164858,54236652,55564244,56583295,57508001,58806563,,,
uClinux-config,134008251,134035740,134039260,134039733,134039737,134039737,134039737,134000231,134029971,134035715,134037079,134037821,134038349,134038397,133888382,133970081,133992497,134003218,134005743,134006255,134007297,132925684,133642546,133859415,133956394,133982908,133996450,134000386,,,
