 ,λ = 100 η = 100,, λ = 100 η = 150,, λ = 100 η = 200,, λ = 100 η = 250,, λ = 150 η = 100,, λ = 150 η = 150,, λ = 150 η = 200,, λ = 150 η = 250,, λ = 200 η = 100,, λ = 200 η = 150,, λ = 200 η = 200,, λ = 200 η = 250,, λ = 250 η = 100,, λ = 250 η = 150,, λ = 250 η = 200,, λ = 250 η = 250,
Instances,avg. size,avg. time (s),avg. size,avg. time (s),avg. size,avg. time (s),avg. size,avg. time (s),avg. size,avg. time (s),avg. size,avg. time (s),avg. size,avg. time (s),avg. size,avg. time (s),avg. size,avg. time (s),avg. size,avg. time (s),avg. size,avg. time (s),avg. size,avg. time (s),avg. size,avg. time (s),avg. size,avg. time (s),avg. size,avg. time (s),avg. size,avg. time (s)
aaed2000,85,13.32,85.8,5.05,87.8,2.17,91.8,1.58,85.6,14.52,87,5.22,88.2,2.63,89.8,2.06,86.2,15.15,86,6.74,88.6,3.4,92.2,2.66,86.8,15.85,85.4,6.24,89.4,3.43,90.4,3.15
adder,65.8,12.26,66.8,3.49,66.8,1.38,70,1.12,65.2,11.56,64.8,4.12,66.6,1.89,69,1.35,65,13.72,65.2,5.05,66.2,2.71,69,1.97,64.8,15.26,64.2,4.68,66.8,2.63,70.6,2.13
adderII,64.2,13.55,65.2,4,66.8,1.62,70.6,1.15,65.2,12.39,65,3.45,67,1.84,71.2,1.55,66,12.07,65,4.16,67.8,2.8,70.4,2.17,65.4,12.01,65.2,5.37,67.8,2.95,69,2.46
aeb,62.4,13.4,61.8,5.06,63.8,1.41,67.4,1.05,62.6,11.7,61.8,4.19,64.4,1.52,66.4,1.28,62.4,12.85,61.4,5.12,64.8,2.38,66.8,2.15,62.4,11.07,62,5,64.4,2.43,65.6,2.26
aim711,65,10.69,64.8,4.89,66.4,1.98,70.2,0.79,65,13.57,65.4,4.86,68.8,1.91,69.6,1.68,65.4,13.13,67.2,4.84,66.8,3.24,70,2.1,66.2,13.64,66.2,4.94,67.4,3.04,70.8,2.2
aki3068net,64.8,10.9,64.4,4.07,67.4,1.59,69.6,1.09,63.8,9.61,64.2,3.17,65.6,2.36,69.2,1.11,65.2,10.43,65.2,4.83,66.2,2.31,70,2.03,65.4,11.19,65.2,3.42,65.8,2.92,68,1.99
am31_sim,60,7.67,59.8,3.54,62.8,1.08,65,0.98,60.6,8.71,61,3.09,61.8,1.59,64.2,1.31,60.4,8.91,59.6,4.16,63,2.24,63.2,1.85,59,12.62,60,4.12,62.4,2.47,64,2.03
asb,61,11.6,60.4,3.55,64,1.34,65.8,1.16,62,12.66,61,4.41,62.2,2.08,65.4,1.56,61.4,11.39,61.2,4.01,63.2,2.81,65.4,1.83,60.6,11.18,62.2,4.62,62.2,2.73,64.4,2.19
asb2305,61.2,13.42,60.8,3.6,63,1.62,66.4,1.13,61,11.93,61,3.53,63.2,1.7,65.2,1.52,60.8,12.35,60.2,4.55,63,2.39,65,2.14,61,11.99,61.4,5.01,63.8,2.53,65.6,2.39
assabet,62.4,13.53,61.2,3.8,64.2,1.58,68,1.18,62.2,10.97,61,4.71,62.6,1.83,66.8,1.54,61.8,10.85,61.8,5.85,64.4,2.18,65,1.95,62,11.54,61.6,4.35,64.8,2.59,66,2.12
at91sam7sek,61.4,11.48,62.8,5.37,63,1.4,67.4,1.12,61.6,13.03,61.8,4.17,63.4,2.11,66.6,1.67,62.4,13.41,62.6,4.39,65,2.48,65.8,2.23,62.4,14.51,62.2,6.05,63,2.97,66.6,2.45
at91sam7xek,66.6,13.62,64.8,3.68,67.2,1.91,71.2,1.25,65.4,15.93,65.4,4.42,68.6,2.13,70.6,1.78,65.6,16.41,65.4,5.91,68.4,3.25,70.8,2.45,65.4,14.59,65.6,4.31,66,3.13,70.2,2.71
atlas_mips32_4kc,65,10.2,63.8,4.55,68,1.35,69.2,0.95,65,9.13,64.8,4.11,66,2.19,69,1.58,65.4,12.73,65.2,6.27,68.4,2.78,70.2,2.08,64.8,11.37,65.4,4.53,65.6,2.93,68.6,2.36
atlas_mips64_5kc,64.6,12.42,64.6,3.73,68,1.31,70.4,1.13,65.8,11.38,65.6,5.15,66.8,1.79,69.4,1.36,66,10.45,64.6,6.39,67,2.35,68.6,1.79,65.2,13.54,64.4,5.03,66.6,2.83,68.6,2.34
brutus,60,10.3,60,3.9,62.6,1.19,67,1.02,61,10.43,61,3.67,63,1.76,66,1.4,60.6,12.3,60.4,4.68,62.6,2.34,64.8,2.05,61,11.73,59.6,5.15,63.2,2.28,65,2.22
buildroot,20.2,1.02,20,0.75,21.8,0.45,22.8,0.41,19.8,1.24,19.6,0.97,21.4,0.65,22.8,0.6,20,1.4,20.8,1.14,21.2,0.93,23,0.85,19.4,1.5,20.2,1.44,21.2,0.88,22.8,0.69
busybox_1_28_0,34.8,10.89,34.8,4.5,37.4,1.55,41,1.21,35.4,9.94,35.8,3.58,36.8,1.96,40.8,1.77,35,11.05,34.8,5.46,36.8,3,41.2,2.49,35.4,12.15,34.8,5.19,37.6,2.98,41.4,2.8
calm16_ceb,61.2,10.97,60.6,4.04,62.4,1.53,66.4,1,59.8,9.95,60,3.31,63,1.78,64.2,1.41,61,11.77,60.8,5.93,62.8,1.91,65,1.65,60.6,9.37,61.2,5.14,63.4,2.12,65.4,1.98
calm32_ceb,60.8,9.29,60.4,2.7,62.8,1.74,64.8,1.04,61.2,8.72,60,4.19,62.8,2.37,64.6,1.36,61.8,9.49,60.4,5.23,63.2,2.34,65.6,1.65,61.4,9.73,61.6,4.74,62.8,2.53,65.8,1.98
ceb_v850,60,10.18,60.2,2.74,62.6,1.85,64,1.05,60.2,8.66,59.8,3.01,62.8,1.78,64.4,1.43,61.2,10.85,59.4,4.91,62.8,2.53,64.2,1.97,60.8,12.01,60,4.54,62.6,2.42,64.2,2.2
cerf,65.2,13.76,66.2,4.19,67.4,1.63,71.6,1.2,66.4,15.67,65.6,4.4,68.4,1.93,70.6,1.66,65.6,13.51,66.4,6.3,67.4,2.78,69.6,2.03,66,15.37,66.4,4.79,66.4,3.18,70.8,2.27
cerfpda,65.8,13.64,66.4,4.81,69,1.75,70.8,1.06,65.4,14.72,65.4,3.4,68.8,2.24,70.8,1.74,66.2,14.21,66.4,5.39,68.6,2.89,71.8,2.26,67,13.7,65.6,5.91,69.2,2.88,70.8,2.69
cma230,61,8.8,60.4,3.8,63.2,1.21,65.4,1.03,60.6,12.63,59.6,4.83,62.8,1.49,64.6,1.43,59.8,9.57,60.2,4.67,62.4,2.27,65,2.01,61.2,10.94,61.2,3.39,63,2.6,64.2,1.97
cma28x,61.4,10.11,59.6,2.81,61.6,1.45,65.4,1.06,60.6,11.98,59.8,4.01,63,1.79,65,1.41,60.6,9.09,60.6,5.02,63,2.56,65,1.95,58.8,11.54,61,4.62,61.4,2.59,64.6,2.18
cme555,60.8,9.8,60.2,3.57,62.8,1.83,65,0.98,60.6,12.83,61.6,6.3,62.2,2.11,65.2,1.64,59.8,12.8,61,5.82,62.2,2.25,66.4,1.92,61,12.44,60.6,6.13,61.8,3.02,65.8,2.23
cq7708,76,11.27,74.6,6.37,75.6,1.78,81.2,1.23,75.6,10.1,75.8,4.58,77,1.68,80.2,1.64,75.2,13.42,75.8,5.71,78.4,2.5,78.2,2.39,75.4,14.75,76.2,4.53,77,3.02,81.4,2.29
cq7750,64.4,12.69,63.2,3.47,67,1.23,68.8,0.81,64,12.3,63.8,5.38,65.2,2.33,69.2,1.6,64.2,14,63.2,5.64,65.8,2.52,67.2,2.27,63.4,14.95,63.6,6.36,65.8,2.79,68.2,2.47
csb281,66.8,11.71,66.8,3.45,70.8,1.58,71.2,1.18,67.8,11.73,68,4.04,70.6,1.85,73.2,1.6,67.6,11.13,68.4,5.32,69.4,2.83,73.2,2.33,67,12.31,69,5.46,69.2,2.96,72.2,2.46
dreamcast,69.4,13.51,69.2,3.88,70.2,1.85,73,1.12,68.8,13.02,69.2,3.62,70.8,2.08,73.2,1.54,70,14.24,69,4.19,71,2.52,75.2,1.96,69.6,16.09,70,4.76,70.8,2.93,74.2,2.49
e7t,64.2,10.62,65.2,5.08,67.4,1.98,71.2,1.23,65,12.53,65.8,4.73,67.8,2.06,70.8,1.41,65.2,12.74,64.6,6.74,68.4,2.62,70.8,2.35,66,13.84,65.4,4.81,66.6,3.12,70.8,2.71
ea2468,65.4,13.16,65.6,4.27,68.2,1.61,71,1.19,65.6,12.5,65.2,4.88,68,1.88,69.8,1.7,65.4,15.11,66,6.05,67,2.58,71.6,2.11,65.6,15.59,65.8,4.74,67.4,2.88,69.4,2.37
eb40,62.2,10.57,61.2,4.14,64,1.84,66.8,1.08,62.2,12.52,61.4,3.4,62.6,1.86,66.6,1.48,60.6,12.08,62,4.02,63.8,2.44,65.2,2.01,61,14.06,61.6,4.7,63.2,2.52,65.4,2.06
eb40a,61.6,12.42,62,2.1,64,1.36,67.8,1.11,61.2,11.29,61.6,4.55,64.2,1.99,66,1.48,59.6,11.05,60.8,4.25,62.8,2.55,66.2,2.11,61.6,12.22,61,4.28,63.4,2.78,65.8,2.32
eb42,60.6,10.1,60.6,3.49,63,1.47,64.4,1.11,60.4,9.8,60.2,3.23,62.6,1.86,65.4,1.48,61,11.39,60.4,4.54,61.4,2.67,64.8,2.09,60.8,11.1,60.4,4.7,62.2,2.39,65.2,2.3
eb55,61.8,10.22,61.6,3.74,63,1.49,66.6,0.92,61.8,10.47,61.4,3.59,63,1.58,66.6,1.55,61,11.21,62.4,5.43,63,2.33,66.6,2.05,61.4,12.87,61.8,4.23,63.4,2.82,65.6,2.36
ebsa285,69.6,12.75,68,5.16,72.2,1.72,72.2,1.23,69,13.59,67.4,3.86,70.4,2.24,72,1.69,67.8,12.58,68.6,5.32,70.2,2.57,72.8,2.32,69.2,16.61,69.6,4.72,71.4,2.9,73.6,2.64
ec555,60.8,9.19,61.6,3.69,62.2,1.8,65,1.16,61.4,11.8,61.2,4.01,62,2.01,65.4,1.31,60.4,11.96,61,5.29,63,2.82,65.8,2.26,60.4,13.72,60.6,4.98,63.2,2.55,66.2,2.21
ecos-icse11,64,12.1,64.2,5.47,67,1.5,68,1.19,64.6,12.88,65.2,3.4,67,1.97,69.6,1.64,65.4,10.96,64.2,5.44,67.2,2.6,69.4,1.97,64,13.52,65.2,5.51,67.6,2.79,68.8,2.17
edb7xxx,65,11.46,65,3.35,66.8,1.7,69.4,1.15,67,12.16,66,3.5,66.4,2.07,70,1.57,64.4,11.63,66.2,4.71,67.2,2.59,70,2.27,64.8,12.95,64.2,6.1,66.2,2.89,70.2,2.46
edosk2674,65.2,11.16,63.6,3.22,66.2,1.55,68,0.94,64.2,12.43,64.8,3.1,66.2,1.73,69.2,1.43,65,10.01,64.4,5.22,64.8,2.52,69.2,1.75,64.2,9.52,64.8,4.87,66.4,2.48,67.6,2.02
excalibur_arm9,76.4,12.01,75.2,3.97,78.8,1.64,80.8,1.34,76.4,11.69,77.6,5.09,79.8,2.09,81,1.46,76.2,12.36,75.8,5.85,78,3.07,81.6,2.56,76.4,12.97,77,5,79.2,3.09,81.6,2.36
fads,59.8,9.58,59.4,2.47,62,1.41,64.2,1.01,60.8,10.67,58.8,4.27,61.4,1.71,64.6,1.35,60.2,10.22,60.2,4.61,62,2.61,64.6,1.95,60,10.22,59.4,4.34,62.4,2.45,64,1.84
flexanet,66.2,13.19,65,3.15,68,1.81,72.4,1.18,66.2,14.65,66.4,6.32,67.8,1.9,70,1.75,65.6,11.25,65.8,7.52,67,2.85,70.2,2.21,65.6,14.49,66,5.04,68,2.86,69.6,2.25
freebsd-icse11,70.4,63.13,73,12.34,78.2,5.66,82.4,4.55,73.6,40.97,73,15.52,77.2,7.46,83.4,6.44,71.4,43.22,72.6,18.52,78.4,10.43,82.2,9.04,72.6,69.81,72.6,17.59,77.2,11.45,84.2,10.15
frv400,63.6,13.3,64.6,3.77,65.8,2.01,69.4,1.15,65,13.97,64.8,3.95,65,2.09,70,1.63,64.2,10.6,64.4,6.15,67,2.92,71.4,2.18,65.4,15.49,65.2,6.52,66.6,3.1,69,2.49
gps4020,60.6,9.84,61.6,2.92,62.8,1.77,65.6,1.09,60.6,11.39,61.4,3.9,63.4,1.8,65.4,1.46,60.6,11.4,61.4,4.39,62.6,2.31,65,2.14,62,10.47,61.2,5.91,62.8,2.83,65.4,1.98
grg,64.6,10.38,66,3.18,67,1.76,68.4,1.13,65,10.18,64.8,4.66,65.6,2.15,68.8,1.44,64.4,13.38,63.8,5.33,67.2,2.34,69,2.27,64.2,15.8,62.6,4.96,66.8,2.91,69.8,2.31
h8300h_sim,59.4,9.5,59,3.7,62.2,1.22,63.8,0.96,60.8,9.92,60.4,3.51,63.6,1.63,65.2,1.3,59.8,9.7,60.4,4.24,62.2,2.14,64,1.61,59.4,10.33,61.6,4.33,61.4,2.48,63.2,2.08
h8max,63.8,13.41,65.2,4.01,67.6,1.55,70.4,1.06,64.6,10.84,64.4,3.24,66.4,1.88,70.2,1.48,65,11.7,65.4,5.66,67,2.4,69.6,1.85,64.6,11.42,65.2,3.93,66.4,2.58,69.2,2.18
h8s_sim,61.4,9.63,60.4,3.43,61.2,1.36,64,0.85,60.2,9.92,60,3.61,62.4,1.55,65,1.33,60,12.76,58.8,3.95,61.8,2.17,64.2,1.83,59.6,9.85,60.2,4,60.4,2.56,64.6,2.09
hs7729pci,84,15.63,84.6,6.3,88.8,2.01,90.8,1.54,84.8,15.53,85.2,5.21,87.6,2.66,89.6,1.71,85.6,13.42,84.8,7.12,86.6,2.9,90.2,2.81,85,16.24,84.6,8.17,86.4,3.15,89.8,3.15
innovator,85.8,14.23,85.8,4.27,86.8,2.14,89.6,1.53,85.8,16.23,84,4.27,87.4,2.44,89.4,2.02,85.6,16.13,85,7.04,86.2,3.18,89.2,2.69,84.8,15.75,86.6,5.52,87.2,3.67,90.2,2.76
integrator_arm7,65.6,15.31,66.6,2.75,67.6,1.49,69.8,1.23,65.6,11.16,65.2,5.14,68.4,2.21,71.4,1.63,65.2,13.97,65.4,5.39,65.6,2.72,71.2,2.03,66.4,16.13,64.6,5.58,67.8,2.64,70.4,2.29
integrator_arm9,78.8,12.98,78.4,3.78,79.6,1.98,82.2,1.4,79.6,13.7,77.8,5.81,81.4,2.3,83,1.6,78.4,16.47,79.4,5.27,80,3.18,82.2,2.46,78.2,16.09,79.4,6.7,80.4,3.01,83,2.74
ipaq,61.8,9.95,61.6,4.07,64.4,1.54,65.6,1.08,62.6,9.87,61,3.01,62.6,1.72,66,1.49,61.2,12.97,61.6,4.06,63.8,2.5,66.2,2.06,61.4,11.3,62.2,4.62,63,2.7,66.4,2.07
iq80310,64.8,14.26,64.2,4.47,66.8,1.6,70,1.15,63.4,14.61,65.4,4.13,67.6,1.64,69.8,1.65,64.8,13.27,64.6,6.57,65.6,2.58,70.2,2.26,64.4,10.54,65.2,4.68,66,2.99,69.6,2.2
iq80321,64,13.1,64.4,4.01,66.2,1.68,69,1.16,64.2,12.69,64.8,3.97,67.4,1.96,70,1.58,65.6,11.59,65,5.76,67,2.65,68.6,2.25,63.8,13.26,66.2,5.02,67.2,2.62,68.4,2.5
ixdp425,64.6,12.97,64,4.6,67.4,1.5,69.4,1.16,63.4,11.11,64.8,6.01,65.8,1.76,69.6,1.59,64.6,13.99,64.6,5.38,66.6,2.4,69.8,1.98,65,13.03,65.2,5.71,67,2.7,69.4,2.25
jmr3904,61,11.55,60,2.95,62.8,1.35,66.2,1.02,61.6,10.7,61,3.28,63,1.45,64.4,1.47,61.4,11.15,60.8,5.2,63.2,2.17,67.2,1.95,61.2,10.69,60.8,4.16,63,2.62,64.8,1.88
jtst,60.4,9.9,62,3.41,63.6,1.42,65.8,1.09,61.8,10.14,61.4,4.05,64,1.83,65.8,1.18,61.2,11.05,62,5.68,63.4,2.44,65.8,2.02,62,12.43,60.8,6.11,64.4,3.06,65.4,1.97
linux,70.2,14.63,69,3.34,71.2,1.71,73.4,1.18,69.4,12.88,70.2,5.46,70.2,1.65,73.8,1.55,68.8,14.43,68.8,6.24,71,2.55,73.8,2.33,71,13.22,69.6,5.43,70.6,2.54,74.4,2.36
lpcmt,61,10.65,61.2,3.34,62.8,1.62,66.2,1.06,61,11.7,62,3.63,63.4,1.94,66.4,1.51,61.2,14.09,62.2,4.74,61.8,2.18,65.2,2.15,61.2,13.86,61,4.98,62.6,2.53,64.4,2.35
m5272c3,66.6,14.4,68,5.01,69,2.27,73.2,1.2,67,13.09,68,4.04,69.2,1.94,72,1.64,68.4,13.6,66.6,5.59,69.4,2.64,72.4,2.37,67.4,12.45,68.2,5.15,69.8,2.92,71.6,2.59
mac7100evb,60.4,11.28,61.4,2.89,62.4,1.38,65.2,1.03,60.8,10.04,60.8,3.58,62.2,1.72,65,1.47,61,11.37,61.2,4.73,62.8,2.27,64.4,2.12,60,10.24,60.2,5.44,62.6,2.28,65,2
mace1,60.6,12.7,61.2,3.38,62.4,1.55,66.6,1.03,60.4,11.07,60,4.63,63.6,1.77,65,1.44,60.8,11.13,60.4,4.21,62.4,2.4,65,1.78,60.8,11.97,60.2,3.83,63,2.86,65.2,1.99
malta_mips32_4kc,66.2,12.63,64.4,3.39,68.2,1.6,70.4,1.16,65.8,9.77,65.2,4.78,67,2.06,69.6,1.57,66,14.27,64.4,4.69,68,2.41,70.6,1.96,64.6,14,65.2,4.35,67,2.85,70.8,2.17
malta_mips64_5kc,65.6,13.33,64.8,5.33,68,1.69,70.4,1.13,66.4,12.28,65.2,3.23,67.2,1.65,69.8,1.58,65.4,12.36,64.6,6.33,66.2,2.96,70.4,2.32,64.8,15.47,66,4.85,69,2.51,68.8,2.51
mb93091,65.2,11.86,64.4,3.94,66,1.7,70.4,1.18,64.6,11.7,64,3.96,66.2,2.19,69.4,1.31,64.6,13.13,65.4,4.66,67,3.27,69.8,2.1,63.6,14.5,65,5.75,66.4,3.17,69.6,2.28
mb93093,64.2,10.55,65.2,3.76,67,1.79,68.4,1.2,65.6,11.27,65.4,4.79,67.2,2.21,69.4,1.6,64.6,13.74,64.8,4.96,66.2,2.72,68.8,2.04,64.2,13.62,64,5.85,66.6,2.89,69.2,2.21
mbx,65.4,13.2,65.2,4.82,66.8,1.64,69.2,1.01,65.4,12.85,64.2,6.58,67.6,1.71,69.6,1.66,65.8,13.43,64.6,5.49,65,2.99,69.4,2.08,64.4,14.46,64.8,5.38,67.2,2.51,68.6,2.62
mcb2100,60.6,10.11,60.4,3.76,62.6,1.45,66.6,1.09,60.8,11.78,61,3.55,63,1.68,66.8,1.5,61.2,12.4,60.8,5.44,62.8,2.5,65.6,1.84,60.6,13.48,60.8,4.19,63.6,2.31,65.8,2.32
moab,67,15.04,66.2,3.68,69.2,1.35,72.2,1.23,67.2,15.07,68.2,3.91,70.4,2.52,71.8,1.74,67.8,14.77,67.6,6.2,69.4,2.95,70.8,2.43,66.6,19.07,68.2,5.28,69.4,3.12,72.6,2.35
mpc50,60.2,9.55,61.4,4,63,1.52,65.2,1.02,61.2,11.37,60.2,4.96,63.8,1.62,65,1.41,60.4,11.14,60.4,3.57,62.4,2.25,64,1.81,59.8,11.16,60.6,4.39,63.2,2.54,65,2.2
nano,69.6,14.36,69.6,4.13,70.8,1.61,73.2,1.27,69,14.23,70,5.17,70.6,1.96,73.4,1.7,68.6,12.74,68.2,4.57,71,2.82,73.4,2.18,68.8,18.91,69.2,6.08,70.4,3.05,73.4,2.63
npwr,64,12.78,65,3.86,65.6,1.77,70.2,1.19,63.8,12.02,64.2,3.85,66.8,2.04,69.8,1.58,65,13.76,64.4,5.04,65.8,2.72,70,2.26,64.4,11.15,64,5.8,65.8,2.53,70,2.21
ocelot,65.8,12.57,65.6,3.52,66.2,1.65,70.8,1.24,65.2,15.66,62.8,5.7,66.4,2.36,70.2,1.68,65.6,14.15,65.6,4.22,68,2.6,68.4,2.42,64.2,13.52,65,5.79,67,2.71,70.4,2.4
olpce2294,65.8,10.64,67.8,5.19,67.6,1.62,71.2,1.16,65.6,11.43,65.4,5.26,67,1.78,70.8,1.62,65.6,12.5,65.4,5.13,67.6,2.7,69.8,2.34,67,15.35,65.8,5.89,67.2,2.76,71.2,2.5
olpch2294,61.4,10.51,61.2,3.2,62.6,1.72,64.4,1.19,61.4,13,60.8,3.64,63.8,1.89,65.6,1.5,60.4,13.3,61.4,4.35,62.4,2.52,66.2,2.22,60.6,12.41,61.2,4.59,63.2,2.56,66,2.05
olpcl2294,64.2,11.76,66.6,4.23,67.8,1.83,69.4,1.19,64.6,9.76,66.4,3.98,65.8,2.68,69.6,1.66,64.8,12.89,65.8,6.23,68,2.73,69.2,2.06,65.6,12.88,65.6,4.7,66.6,3.04,70.8,2.23
p2106,60.8,9.27,61.4,4.26,61.8,1.72,66,1.08,61.2,11.63,61.2,3.48,63,2.06,65.4,1.5,61.8,10.19,60.8,5.21,64,2.67,66.6,2.08,60.8,12.43,60.8,5.42,63.6,2.72,65.8,2.34
pati,61.2,9.41,61,3.22,62.6,1.44,65.2,1.11,61,11.54,61.4,3.46,62.4,2,65,1.53,61.6,11.91,60.2,5.12,62.6,2.59,65.8,2.15,59.8,12.5,61.8,4.73,63,2.81,65.6,2.04
pc_i82544,66.2,12.11,66,6.59,67.8,1.74,71.4,1.15,64.6,13.64,65.8,4.05,68,2.01,70.2,1.36,66,14.91,65.2,4.85,67.8,2.6,71.2,2.35,65.8,15.46,66,5.21,68.4,2.66,70.6,2.25
pc_i82559,67.4,13.33,66.6,4.6,67.8,1.75,70.8,1.2,66.4,15.42,66.2,3.45,68,1.74,70.8,1.64,67,17.16,66,6.03,67.8,2.56,70.6,2.2,65.2,12.78,66.4,6.05,68.2,2.85,70.2,2.52
pc_rltk8139,69,16.05,68.6,4.01,72.2,1.8,73.6,1.31,68.2,12.93,67.6,3.43,69.4,2,74.4,1.5,69.6,14.08,68.4,6.42,71.2,2.68,73,2.43,67.8,15.1,68.8,5.24,71.4,3.24,74,2.37
pc_usb_d12,62.6,16.66,62,5.05,64.8,1.51,67.2,0.86,62.6,13.94,61.4,4.57,65,2.08,66,1.63,62,16.58,62.4,5.71,65.4,2.41,66.8,2.37,61.8,17.52,62.6,5.55,63.8,2.62,67.4,2.33
pc_vmWare,64.2,16.41,64.8,3.86,68,1.31,69,1.21,65.2,12.07,66,5.04,67,2.2,69.4,1.62,65.2,13.28,65.6,5.3,68.2,2.57,69.6,2.02,64.8,13.35,65.4,5.62,67.8,2.64,69.8,2.52
phycore,61,10.42,60.6,3.87,64.6,1.74,67.2,1.19,61.4,13.09,61.8,3.87,64.2,1.72,66,1.7,62.6,12.61,61.8,7.63,63.6,2.46,67.2,2.02,62.8,14.49,62.2,5.94,62.8,3.16,67.4,2.52
phycore229x,65.4,13.41,66.8,4.07,67.2,1.87,70.4,1.34,64.4,15.92,64.6,4.21,68.6,2.14,70,1.79,65.8,15.38,66.2,5.71,67.2,3.02,70.8,2.24,65.2,14.14,65.8,5.14,67.8,2.88,70.4,2.83
picasso,64.4,12.06,63.6,3.06,67,1.6,68.2,1.16,65.4,10.81,63.4,5.82,65.4,1.91,69,1.55,64.6,10.14,64.2,4,66,3.09,68.6,2.24,64.2,13.49,63.6,4.69,66,2.55,69,2.13
pid,60,10.15,60.2,5.86,63.4,1.33,64.4,1.08,61.2,11.41,61,4.71,62.8,1.58,65.6,1.56,60.8,10.93,60.6,3.64,62.4,2.4,64.8,2.12,60.6,12.93,60.2,5.28,62.2,2.79,65.2,2.03
prpmc1100,60.4,10.23,60.6,4.51,61.8,1.41,65.8,1.1,61.6,9.87,60.2,3.38,63.2,2,63.8,1.46,60.8,10.43,60.4,5.12,62.4,2.23,65,2.07,60.4,12.12,60.6,3.52,62.8,2.53,66,2.3
psim,60.2,10.17,60.2,2.64,62.2,1.3,65.8,0.98,59.4,10.34,60.6,3.56,62.2,1.56,64.2,1.37,60.8,9.87,59.4,4.43,62,1.97,65,1.67,59,12.11,60.2,5.06,62.2,2.15,64.4,2.17
rattler,68.2,14.85,69.4,5.05,71.4,2.09,73.6,1.19,68.2,14.78,69.6,4.47,70.4,2.4,73.6,1.85,67.2,14.1,69,5.34,71.8,3.03,73,2.66,69.6,16.12,69.6,6.16,70.2,3.21,73.2,2.57
ref4955,61.2,10.13,61.6,3.82,63.6,1.3,66,1.04,61,10.06,59.8,4.43,62.2,2.06,65.2,1.52,61.2,11.97,60.4,4.46,63.2,2.8,65.4,2.09,61.2,12.72,61.2,3.88,62.6,2.91,64.8,2.09
refidt334,69.8,12.78,69.2,4.61,70.2,2.16,74.6,1.26,69.2,14.83,68.8,4.91,70,1.81,74,1.77,68.8,15.93,69.2,5.09,70.4,3.27,74,2.3,68.6,15.61,69,5.92,71.2,3.56,73.4,2.78
sa1100mm,61.2,10.9,62.2,2.57,62,1.87,65.2,1.05,60.6,10.48,60.6,4,61.6,1.6,65.2,1.41,61,9.77,60.6,4.42,61.8,2.07,65.8,1.8,61.4,10.79,60.6,4.22,62.8,2.24,65.8,1.93
sam7ex256,65.6,13,65.4,5.07,68.4,1.93,69.2,1.31,64.8,15.81,66.2,3.92,67,2.32,71.6,1.39,66.4,15.95,66,4.83,67.2,2.6,71.2,2.17,65.4,13.02,66,5.33,68.6,2.94,70.4,2.64
se7751,70,11.99,70.6,4.99,72.2,1.93,76,1.13,70.2,14.45,70.4,4.08,72.2,2.24,75.4,1.85,71,15.69,71.2,4.31,73.2,2.47,74.6,2.32,69.8,15.89,71.4,6.87,73,3,75.8,2.72
sh4_202_md,70.6,11.57,70,4.66,72.6,1.53,76.4,1.14,70.6,13.43,71.4,4.18,72.6,1.64,75.4,1.46,71.2,13.67,68.6,6.42,72.4,2.81,74.8,2.35,70.2,14.93,70.2,5.61,72,3.58,74.4,2.54
sh7708,76.8,12.61,74.8,4.15,77.4,1.74,79.6,1.15,76.6,10.04,76,3.88,78.2,1.76,81.8,1.7,76.6,13.43,76.4,4.54,78.2,2.74,80.6,2.16,76.6,14.72,76.4,6.14,77,3.07,79,2.67
skmb91302,61.2,10.48,61.4,3.53,61.8,1.68,66,1.12,61.4,13.19,61.2,3.21,63.4,2.05,65.6,1.33,60.6,11.68,60.4,4.94,62.4,2.74,65.4,2.21,61.6,12.09,61.6,4.92,63,2.53,64.6,2.09
sleb,59.4,9.81,61.6,3.13,61.2,1.46,65.4,1.02,60.8,9.93,60,3.11,61.8,1.78,65.4,1.36,59.6,10.66,59.4,3.96,61.8,2.27,65,1.99,59.6,11.38,59.6,4.39,62.6,2.34,63.8,2.11
smdk2410,78.6,11.94,77.6,5.03,81,1.87,84,1.43,76.8,12.16,78,4.45,80,2.14,83.2,1.59,77.6,15.28,79,5.51,79,2.9,82.8,2.68,77.8,12.8,77,6.48,80.6,3.01,83.2,2.59
snds,63.8,12.61,64.2,2.7,65.6,1.43,68.8,1.1,64.2,12.35,63.6,3.98,65.4,2.11,69,1.51,63.2,12.41,63.8,3.38,65.8,2.62,69.2,1.92,64,12.94,64,4.99,63.6,2.92,68.2,2.02
sparc_erc32,60.2,9.79,59.2,3.17,61.4,1.25,65.2,0.82,59.8,10.22,60.2,3.2,62,1.49,64.8,1.33,60.4,10.03,59.2,3.78,61.2,2.53,64.4,1.6,60.6,10.19,59.4,3.9,61.4,2.34,64.8,2.03
sparc_leon,59.8,10.67,59.8,3.44,62,1.18,64.2,0.98,60.4,9.84,59.4,2.99,61,1.75,64.2,1.38,60.8,9.49,59.6,3.58,61.4,2.16,65,1.89,60.8,9.38,60,3.6,62.4,2.12,64.4,2.05
sparclite_sim,60.2,8.42,60.2,2.63,61.4,1.35,64.6,0.96,59.6,9.52,59.6,3.7,61.6,1.5,65.2,1.11,59.2,9.76,60,3.52,61.8,2.26,64,1.65,60.6,11.48,60,3.55,60,2.18,64.6,1.78
stb,61.8,9.74,61.8,2.94,63.4,1.49,66.6,1.13,63,11.08,61.2,4.01,64,1.99,66.4,1.57,61.4,11.85,62,4.62,63.4,2.55,66.8,2.27,62.8,13.02,62.4,4.82,64,2.53,66.2,2.4
stdeval1,61.6,7.81,61.4,3.08,63.6,1.4,64.6,0.99,61.4,12.99,62,4.05,64.2,1.66,66.8,1.4,61,9.92,61.6,4.08,62.2,2.61,65.6,2.06,61.4,13.92,62.2,3.95,64,2.6,66,2.18
stm3210e_eval,62,10.1,61.2,4.05,62.4,1.66,66.2,1.11,60.2,10.16,61.4,4.09,62.6,1.8,65.6,1.53,60.2,11.18,61,5.02,63.4,2.41,64.6,2.17,61,10.27,60.8,5.61,64,2.85,65.6,2.05
toybox,13.2,0.05,14,0.04,14.2,0.04,13.6,0.04,13.2,0.07,13.6,0.05,14,0.04,13.8,0.05,13,0.07,13.8,0.06,14,0.06,13.8,0.06,13.6,0.07,13.8,0.07,13.8,0.07,14.2,0.06
ts1000,65.2,10.15,64.2,4.37,67.4,1.84,70.2,1.26,65,14.89,65.6,4.74,66.8,1.69,69.4,1.66,65.6,11.42,64.6,4.03,67.8,2.37,67.8,2.29,63.8,17.03,65.4,4.48,66.8,2.88,70,2.68
ts6,65,12.48,65.2,4.3,67,1.56,69.2,1.16,63.6,11.96,65,4.22,67.4,2.04,69,1.42,64.4,10.64,65,4.6,67.6,2.45,68.4,1.93,65.2,12.93,64.2,4.98,65.8,2.68,69.2,2.47
tx39_sim,60.2,9.12,61.2,3.3,62.2,1.31,65.6,0.97,59.4,10.02,59,4.01,62.4,1.81,64.2,1.37,60.8,8.63,59.6,5.37,62.2,2.38,63.8,1.64,60.2,9.92,60.2,7.31,62.2,2.15,64.2,1.8
uClinux-config,35.6,62.99,39.6,43.32,45.4,36.44,48.6,35.7,35.8,69.31,40.6,52.16,44.4,48.28,46.6,46.25,36.6,77.38,40.2,64.11,46.2,66.38,47,66.31,35.2,101.07,42.4,76.59,45.6,71.72,46.4,69.32
uE250,65,13.06,64.2,3.17,66.4,1.41,68,1.21,65.2,11.27,64.6,4.39,66.8,1.94,69.6,1.54,64.2,14.37,63.8,4.13,67.2,2.17,68.8,2.32,64.8,11.82,64.6,4.18,65.6,2.64,69.2,2.13
vads,65.8,14.13,64.8,3.65,66.8,1.62,70.2,1.12,64.4,11.96,64.4,5.86,67.6,1.88,69.4,1.59,64.6,12.75,63.8,4.86,67.6,2.64,70,2.41,63.6,13.87,66.2,5.55,67.2,2.92,68.4,2.52
viper,63.4,16.44,66.4,3.4,67,1.62,71,1.21,65.2,12.89,65,5,67.2,2.08,69.6,1.54,64.8,12.47,63.8,4.48,68.2,2.88,70.8,2.46,64,13.63,66,6.17,67,2.88,70.4,2.31
vrc4373,61,13.7,62,3.8,63,1.92,65.2,1.16,61.4,12.34,60.6,5.39,62.8,2.25,65.8,1.28,61.2,11.26,60.2,4.32,63.8,2.5,66.2,2.03,61,13.54,60,4.85,62.2,2.89,65.6,2.19
vrc4375,65.6,17.72,65.4,3.81,67.2,1.56,70.6,1.23,65.2,14.2,65.4,5.65,66.4,2.58,69.2,1.74,64.8,14.41,66.2,4.82,66.8,2.71,70.4,2.25,66,12.78,64.2,4.53,67.4,3.36,69.6,2.37
XSEngine,65.2,12.98,63.8,4.34,66.4,1.38,69,1.26,65.4,14.71,64.4,4.53,66.8,2.12,69,1.68,63.8,11.55,64.4,7.39,67.2,2.71,68,2.47,63.8,11.56,64.6,4.53,67,3.04,69.2,2.37
